"353200270","M£AWA","2022","01","01",10.0,"",3.8,"",6.2,"",3.4,"",.1,"","W",0,"9",.0,"9",.0,"9",.0,"8",.0,"8",.0,"8",.0,"8",.0,"8",.0,"8",.0,"8",.0,"8",.0,"8",.0,"8",.0,"8",.0,"8",.0,"8",.0,"8",.0,"8",.0,"8",0,"",0,"8","R",0,"9",0,"9",0,"8"
"353200270","M£AWA","2022","01","02",8.5,"",2.2,"",5.8,"",1.3,"",6.6,"","W",0,"9",.0,"9",.0,"9",.0,"8",.0,"8",.0,"8",.0,"8",.0,"8",.0,"8",.0,"8",.0,"8",.0,"8",.0,"8",.0,"8",.0,"8",.0,"8",.0,"8",.0,"8",.0,"8",0,"",0,"8","R",0,"9",0,"9",0,"8"
"353200270","M£AWA","2022","01","03",9.3,"",6.3,"",7.1,"",5.3,"",.6,"","W",0,"9",.0,"9",.0,"9",.0,"8",.0,"8",.0,"8",.0,"8",.0,"8",.0,"8",.0,"8",.0,"8",.0,"8",.0,"8",.0,"8",.0,"8",.0,"8",.0,"8",.0,"8",.0,"8",0,"",0,"8","R",0,"9",0,"9",0,"8"
"353200270","M£AWA","2022","01","04",6.5,"",3.3,"",4.6,"",2.2,"",8.1,"","W",0,"9",.0,"9",.0,"9",.0,"8",.0,"8",.0,"8",.0,"8",.0,"8",.0,"8",.0,"8",.0,"8",.0,"8",.0,"8",.0,"8",.0,"8",.0,"8",.0,"8",.0,"8",.0,"8",0,"",0,"8","R",0,"9",0,"9",0,"8"
"353200270","M£AWA","2022","01","05",5.2,"",.4,"",2.5,"",-.7,"",.2,"","W",0,"9",.0,"9",.0,"9",.0,"8",.0,"8",.0,"8",.0,"8",.0,"8",.0,"8",.0,"8",.0,"8",.0,"8",.0,"8",.0,"8",.0,"8",.0,"8",.0,"8",.0,"8",.0,"8",0,"",0,"8","R",0,"9",0,"9",0,"8"
"353200270","M£AWA","2022","01","06",2.3,"",-2.0,"",-.3,"",-3.2,"",1.5,"","S",0,"9",.0,"9",.1,"",.0,"8",.0,"8",.0,"8",.0,"8",.0,"8",.0,"8",.0,"8",.0,"8",.0,"8",.0,"8",.0,"8",.0,"8",.0,"8",.0,"8",.0,"8",.0,"8",0,"",0,"8","R",0,"9",0,"9",0,"8"
"353200270","M£AWA","2022","01","07",-.5,"",-6.8,"",-3.1,"",-10.8,"",.0,"9","",3,"",.0,"9",.2,"",.0,"8",.0,"8",.0,"8",.0,"8",.0,"8",.0,"8",.0,"8",.0,"8",.0,"8",.0,"8",.0,"8",.0,"8",.0,"8",.0,"8",.0,"8",.0,"8",1,"",0,"8","Z",1,"",0,"9",0,"8"
"353200270","M£AWA","2022","01","08",-1.2,"",-3.2,"",-2.1,"",-4.9,"",.0,"","S",2,"",.0,"9",.0,"9",.0,"8",.0,"8",.0,"8",.0,"8",.0,"8",.0,"8",.0,"8",.0,"8",.0,"8",.0,"8",.0,"8",.0,"8",.0,"8",.0,"8",.0,"8",.0,"8",1,"",0,"8","",5,"",0,"9",0,"8"
"353200270","M£AWA","2022","01","09",.9,"",-4.4,"",-2.1,"",-6.0,"",.0,"9","",2,"",.0,"9",4.7,"",.0,"8",.0,"8",.0,"8",.0,"8",.0,"8",.0,"8",.0,"8",.0,"8",.0,"8",.0,"8",.0,"8",.0,"8",.0,"8",.0,"8",.0,"8",.0,"8",1,"",0,"8","Z",7,"",0,"9",0,"8"
"353200270","M£AWA","2022","01","10",-1.5,"",-6.4,"",-4.7,"",-7.1,"",.0,"9","",2,"",.0,"9",4.8,"",.0,"8",.0,"8",.0,"8",.0,"8",.0,"8",.0,"8",.0,"8",.0,"8",.0,"8",.0,"8",.0,"8",.0,"8",.0,"8",.0,"8",.0,"8",.0,"8",1,"",0,"8","Z",11,"",0,"9",0,"8"
"353200270","M£AWA","2022","01","11",-1.5,"",-9.1,"",-4.3,"",-10.9,"",.0,"9","",2,"",.0,"9",.5,"",.0,"8",.0,"8",.0,"8",.0,"8",.0,"8",.0,"8",.0,"8",.0,"8",.0,"8",.0,"8",.0,"8",.0,"8",.0,"8",.0,"8",.0,"8",.0,"8",1,"",0,"8","Z",17,"",0,"9",0,"8"
"353200270","M£AWA","2022","01","12",-1.0,"",-4.6,"",-2.6,"",-6.5,"",.0,"","W",2,"",.0,"9",1.4,"",.0,"8",.0,"8",.0,"8",.0,"8",.0,"8",.0,"8",.0,"8",.0,"8",.0,"8",.0,"8",.0,"8",.0,"8",.0,"8",.0,"8",.0,"8",.0,"8",1,"",0,"8","Z",16,"",0,"9",0,"8"
"353200270","M£AWA","2022","01","13",4.8,"",-2.1,"",1.9,"",-2.3,"",.5,"","W",1,"",.0,"9",.0,"9",.0,"8",.0,"8",.0,"8",.0,"8",.0,"8",.0,"8",.0,"8",.0,"8",.0,"8",.0,"8",.0,"8",.0,"8",.0,"8",.0,"8",.0,"8",.0,"8",1,"",0,"8","Z",13,"",0,"9",0,"8"
"353200270","M£AWA","2022","01","14",7.7,"",2.5,"",4.6,"",1.4,"",1.6,"","S",0,"9",.0,"9",.8,"",.0,"8",.0,"8",.0,"8",.0,"8",.0,"8",.0,"8",.0,"8",.0,"8",.0,"8",.0,"8",.0,"8",.0,"8",.0,"8",.0,"8",.0,"8",.0,"8",0,"",0,"8","R",0,"9",0,"9",0,"8"
"353200270","M£AWA","2022","01","15",2.9,"",-1.8,"",-.1,"",-3.2,"",.0,"9","",0,"9",.0,"9",4.8,"",.0,"8",.0,"8",.0,"8",.0,"8",.0,"8",.0,"8",.0,"8",.0,"8",.0,"8",.0,"8",.0,"8",.0,"8",.0,"8",.0,"8",.0,"8",.0,"8",0,"",0,"8","Z",1,"",0,"9",0,"8"
"353200270","M£AWA","2022","01","16",-.1,"",-3.0,"",-1.2,"",-4.2,"",.1,"","S",0,"9",.0,"9",.0,"9",.0,"8",.0,"8",.0,"8",.0,"8",.0,"8",.0,"8",.0,"8",.0,"8",.0,"8",.0,"8",.0,"8",.0,"8",.0,"8",.0,"8",.0,"8",.0,"8",0,"",0,"8","Z",6,"",0,"9",0,"8"
"353200270","M£AWA","2022","01","17",3.7,"",-.5,"",1.4,"",-1.1,"",2.6,"","S",0,"9",.0,"9",1.7,"",.0,"8",.0,"8",.0,"8",.0,"8",.0,"8",.0,"8",.0,"8",.0,"8",.0,"8",.0,"8",.0,"8",.0,"8",.0,"8",.0,"8",.0,"8",.0,"8",0,"",0,"8","R",0,"9",0,"9",0,"8"
"353200270","M£AWA","2022","01","18",2.2,"",-2.0,"",-.5,"",-4.6,"",.0,"","S",2,"",.0,"9",5.4,"",.0,"8",.0,"8",.0,"8",.0,"8",.0,"8",.0,"8",.0,"8",.0,"8",.0,"8",.0,"8",.0,"8",.0,"8",.0,"8",.0,"8",.0,"8",.0,"8",1,"",0,"8","",6,"",0,"9",0,"8"
"353200270","M£AWA","2022","01","19",1.5,"",-2.4,"",.4,"",-4.6,"",1.5,"","S",2,"",.0,"9",.0,"9",.0,"8",.0,"8",.0,"8",.0,"8",.0,"8",.0,"8",.0,"8",.0,"8",.0,"8",.0,"8",.0,"8",.0,"8",.0,"8",.0,"8",.0,"8",.0,"8",1,"",0,"8","",5,"",0,"9",0,"8"
"353200270","M£AWA","2022","01","20",1.5,"",-3.3,"",-.7,"",-3.3,"",.6,"","S",1,"",.0,"9",1.1,"",.0,"8",.0,"8",.0,"8",.0,"8",.0,"8",.0,"8",.0,"8",.0,"8",.0,"8",.0,"8",.0,"8",.0,"8",.0,"8",.0,"8",.0,"8",.0,"8",1,"",0,"8","R",0,"9",0,"9",0,"8"
"353200270","M£AWA","2022","01","21",-.1,"",-2.4,"",-1.5,"",-2.8,"",.1,"","S",3,"",.0,"9",1.2,"",.0,"8",.0,"8",.0,"8",.0,"8",.0,"8",.0,"8",.0,"8",.0,"8",.0,"8",.0,"8",.0,"8",.0,"8",.0,"8",.0,"8",.0,"8",.0,"8",1,"",0,"8","Z",8,"",0,"9",0,"8"
"353200270","M£AWA","2022","01","22",-.1,"",-3.1,"",-1.2,"",-3.8,"",.0,"","S",4,"",.0,"9",4.7,"",.0,"8",.0,"8",.0,"8",.0,"8",.0,"8",.0,"8",.0,"8",.0,"8",.0,"8",.0,"8",.0,"8",.0,"8",.0,"8",.0,"8",.0,"8",.0,"8",1,"",0,"8","",13,"",0,"9",0,"8"
"353200270","M£AWA","2022","01","23",.7,"",-1.4,"",-.7,"",-1.9,"",.0,"","S",3,"",.0,"9",.0,"9",.0,"8",.0,"8",.0,"8",.0,"8",.0,"8",.0,"8",.0,"8",.0,"8",.0,"8",.0,"8",.0,"8",.0,"8",.0,"8",.0,"8",.0,"8",.0,"8",1,"",0,"8","",12,"",0,"9",0,"8"
"353200270","M£AWA","2022","01","24",.3,"",-2.7,"",-.8,"",-3.9,"",.4,"","W",3,"",.0,"9",.0,"9",.0,"8",.0,"8",.0,"8",.0,"8",.0,"8",.0,"8",.0,"8",.0,"8",.0,"8",.0,"8",.0,"8",.0,"8",.0,"8",.0,"8",.0,"8",.0,"8",1,"",0,"8","Z",12,"",0,"9",0,"8"
"353200270","M£AWA","2022","01","25",2.8,"",.2,"",1.8,"",.0,"",1.3,"","W",2,"",.0,"9",.0,"9",.0,"8",.0,"8",.0,"8",.0,"8",.0,"8",.0,"8",.0,"8",.0,"8",.0,"8",.0,"8",.0,"8",.0,"8",.0,"8",.0,"8",.0,"8",.0,"8",1,"",0,"8","Z",10,"",0,"9",0,"8"
"353200270","M£AWA","2022","01","26",3.2,"",.5,"",1.8,"",-.1,"",1.6,"","S",0,"9",.0,"9",.1,"",.0,"8",.0,"8",.0,"8",.0,"8",.0,"8",.0,"8",.0,"8",.0,"8",.0,"8",.0,"8",.0,"8",.0,"8",.0,"8",.0,"8",.0,"8",.0,"8",0,"",0,"8","R",0,"9",0,"9",0,"8"
"353200270","M£AWA","2022","01","27",2.8,"",1.3,"",1.8,"",.9,"",4.9,"","S",0,"9",.0,"9",.0,"9",.0,"8",.0,"8",.0,"8",.0,"8",.0,"8",.0,"8",.0,"8",.0,"8",.0,"8",.0,"8",.0,"8",.0,"8",.0,"8",.0,"8",.0,"8",.0,"8",0,"",0,"8","R",0,"9",0,"9",0,"8"
"353200270","M£AWA","2022","01","28",3.2,"",.5,"",1.6,"",.0,"",.8,"","S",0,"9",.0,"9",.4,"",.0,"8",.0,"8",.0,"8",.0,"8",.0,"8",.0,"8",.0,"8",.0,"8",.0,"8",.0,"8",.0,"8",.0,"8",.0,"8",.0,"8",.0,"8",.0,"8",0,"",0,"8","R",0,"9",0,"9",0,"8"
"353200270","M£AWA","2022","01","29",1.3,"",-2.5,"",.2,"",-3.3,"",9.1,"","S",0,"",.0,"9",.4,"",.0,"8",.0,"8",.0,"8",.0,"8",.0,"8",.0,"8",.0,"8",.0,"8",.0,"8",.0,"8",.0,"8",.0,"8",.0,"8",.0,"8",.0,"8",.0,"8",0,"",0,"8","Z",1,"",0,"9",0,"8"
"353200270","M£AWA","2022","01","30",5.8,"",.7,"",2.6,"",.0,"",4.7,"","S",0,"9",.0,"9",.1,"",.0,"8",.0,"8",.0,"8",.0,"8",.0,"8",.0,"8",.0,"8",.0,"8",.0,"8",.0,"8",.0,"8",.0,"8",.0,"8",.0,"8",.0,"8",.0,"8",0,"",0,"8","R",0,"9",0,"9",0,"8"
"353200270","M£AWA","2022","01","31",2.2,"",-.9,"",.2,"",-1.5,"",.0,"","S",0,"",.0,"9",3.6,"",.0,"8",.0,"8",.0,"8",.0,"8",.0,"8",.0,"8",.0,"8",.0,"8",.0,"8",.0,"8",.0,"8",.0,"8",.0,"8",.0,"8",.0,"8",.0,"8",0,"",0,"8","",1,"",0,"9",0,"8"
"353200270","M£AWA","2022","02","01",.0,"",-3.1,"",-1.3,"",-3.5,"",2.3,"","S",0,"",.0,"9",.3,"",.0,"8",.0,"8",.0,"8",.0,"8",.0,"8",.0,"8",.0,"8",.0,"8",.0,"8",.0,"8",.0,"8",.0,"8",.0,"8",.0,"8",.0,"8",.0,"8",0,"",0,"8","Z",5,"",0,"9",0,"8"
"353200270","M£AWA","2022","02","02",1.5,"",-.5,"",.3,"",-.8,"",1.9,"","S",3,"",.0,"9",.0,"9",.0,"8",.0,"8",.0,"8",.0,"8",.0,"8",.0,"8",.0,"8",.0,"8",.0,"8",.0,"8",.0,"8",.0,"8",.0,"8",.0,"8",.0,"8",.0,"8",1,"",0,"8","R",0,"9",0,"9",0,"8"
"353200270","M£AWA","2022","02","03",.6,"",-1.5,"",-.2,"",-2.7,"",1.0,"","S",2,"",.0,"9",.2,"",.0,"8",.0,"8",.0,"8",.0,"8",.0,"8",.0,"8",.0,"8",.0,"8",.0,"8",.0,"8",.0,"8",.0,"8",.0,"8",.0,"8",.0,"8",.0,"8",1,"",0,"8","Z",1,"",0,"9",0,"8"
"353200270","M£AWA","2022","02","04",3.7,"",.4,"",2.4,"",-.2,"",2.8,"","S",1,"",.0,"9",.0,"9",.0,"8",.0,"8",.0,"8",.0,"8",.0,"8",.0,"8",.0,"8",.0,"8",.0,"8",.0,"8",.0,"8",.0,"8",.0,"8",.0,"8",.0,"8",.0,"8",1,"",0,"8","R",0,"9",0,"9",0,"8"
"353200270","M£AWA","2022","02","05",4.4,"",1.2,"",2.9,"",.5,"",.3,"","S",0,"9",.0,"9",1.4,"",.0,"8",.0,"8",.0,"8",.0,"8",.0,"8",.0,"8",.0,"8",.0,"8",.0,"8",.0,"8",.0,"8",.0,"8",.0,"8",.0,"8",.0,"8",.0,"8",0,"",0,"8","R",0,"9",0,"9",0,"8"
"353200270","M£AWA","2022","02","06",4.1,"",1.0,"",2.6,"",.2,"",7.4,"","S",0,"9",.0,"9",.0,"9",.0,"8",.0,"8",.0,"8",.0,"8",.0,"8",.0,"8",.0,"8",.0,"8",.0,"8",.0,"8",.0,"8",.0,"8",.0,"8",.0,"8",.0,"8",.0,"8",0,"",0,"8","R",0,"9",0,"9",0,"8"
"353200270","M£AWA","2022","02","07",3.7,"",.6,"",2.2,"",.0,"",1.3,"","S",0,"9",.0,"9",.4,"",.0,"8",.0,"8",.0,"8",.0,"8",.0,"8",.0,"8",.0,"8",.0,"8",.0,"8",.0,"8",.0,"8",.0,"8",.0,"8",.0,"8",.0,"8",.0,"8",0,"",0,"8","R",0,"9",0,"9",0,"8"
"353200270","M£AWA","2022","02","08",5.9,"",.3,"",2.9,"",-.1,"",3.5,"","S",0,"9",.0,"9",.1,"",.0,"8",.0,"8",.0,"8",.0,"8",.0,"8",.0,"8",.0,"8",.0,"8",.0,"8",.0,"8",.0,"8",.0,"8",.0,"8",.0,"8",.0,"8",.0,"8",0,"",0,"8","Z",1,"",0,"9",0,"8"
"353200270","M£AWA","2022","02","09",7.6,"",2.2,"",5.1,"",1.1,"",.6,"","W",0,"9",.0,"9",.5,"",.0,"8",.0,"8",.0,"8",.0,"8",.0,"8",.0,"8",.0,"8",.0,"8",.0,"8",.0,"8",.0,"8",.0,"8",.0,"8",.0,"8",.0,"8",.0,"8",0,"",0,"8","R",0,"9",0,"9",0,"8"
"353200270","M£AWA","2022","02","10",7.3,"",2.4,"",5.3,"",.5,"",1.2,"","W",0,"9",.0,"9",1.3,"",.0,"8",.0,"8",.0,"8",.0,"8",.0,"8",.0,"8",.0,"8",.0,"8",.0,"8",.0,"8",.0,"8",.0,"8",.0,"8",.0,"8",.0,"8",.0,"8",0,"",0,"8","R",0,"9",0,"9",0,"8"
"353200270","M£AWA","2022","02","11",6.1,"",1.6,"",2.4,"",.8,"",.7,"","S",0,"9",.0,"9",.0,"9",.0,"8",.0,"8",.0,"8",.0,"8",.0,"8",.0,"8",.0,"8",.0,"8",.0,"8",.0,"8",.0,"8",.0,"8",.0,"8",.0,"8",.0,"8",.0,"8",0,"",0,"8","R",0,"9",0,"9",0,"8"
"353200270","M£AWA","2022","02","12",3.2,"",-2.5,"",.1,"",-3.4,"",.0,"9","",0,"",.0,"9",9.1,"",.0,"8",.0,"8",.0,"8",.0,"8",.0,"8",.0,"8",.0,"8",.0,"8",.0,"8",.0,"8",.0,"8",.0,"8",.0,"8",.0,"8",.0,"8",.0,"8",0,"",0,"8","Z",1,"",0,"9",0,"8"
"353200270","M£AWA","2022","02","13",4.3,"",-3.3,"",.3,"",-4.4,"",.0,"9","",0,"9",.0,"9",8.8,"",.0,"8",.0,"8",.0,"8",.0,"8",.0,"8",.0,"8",.0,"8",.0,"8",.0,"8",.0,"8",.0,"8",.0,"8",.0,"8",.0,"8",.0,"8",.0,"8",0,"",0,"8","Z",8,"",0,"9",0,"8"
"353200270","M£AWA","2022","02","14",5.9,"",-1.7,"",1.9,"",-3.6,"",.0,"9","",0,"9",.0,"9",9.1,"",.0,"8",.0,"8",.0,"8",.0,"8",.0,"8",.0,"8",.0,"8",.0,"8",.0,"8",.0,"8",.0,"8",.0,"8",.0,"8",.0,"8",.0,"8",.0,"8",0,"",0,"8","Z",9,"",0,"9",0,"8"
"353200270","M£AWA","2022","02","15",5.0,"",-.2,"",1.9,"",-1.6,"",.0,"","S",0,"9",.0,"9",1.8,"",.0,"8",.0,"8",.0,"8",.0,"8",.0,"8",.0,"8",.0,"8",.0,"8",.0,"8",.0,"8",.0,"8",.0,"8",.0,"8",.0,"8",.0,"8",.0,"8",0,"",0,"8","",5,"",0,"9",0,"8"
"353200270","M£AWA","2022","02","16",7.9,"",.7,"",4.3,"",-2.4,"",11.8,"","W",0,"9",.0,"9",.0,"9",.0,"8",.0,"8",.0,"8",.0,"8",.0,"8",.0,"8",.0,"8",.0,"8",.0,"8",.0,"8",.0,"8",.0,"8",.0,"8",.0,"8",.0,"8",.0,"8",0,"",0,"8","Z",1,"",0,"9",0,"8"
"353200270","M£AWA","2022","02","17",8.8,"",3.7,"",5.9,"",3.2,"",2.6,"","W",0,"9",.0,"9",.5,"",.0,"8",.0,"8",.0,"8",.0,"8",.0,"8",.0,"8",.0,"8",.0,"8",.0,"8",.0,"8",.0,"8",.0,"8",.0,"8",.0,"8",.0,"8",.0,"8",0,"",0,"8","R",0,"9",0,"9",0,"8"
"353200270","M£AWA","2022","02","18",6.2,"",2.4,"",3.9,"",1.8,"",3.1,"","W",0,"9",.0,"9",1.7,"",.0,"8",.0,"8",.0,"8",.0,"8",.0,"8",.0,"8",.0,"8",.0,"8",.0,"8",.0,"8",.0,"8",.0,"8",.0,"8",.0,"8",.0,"8",.0,"8",0,"",0,"8","R",0,"9",0,"9",0,"8"
"353200270","M£AWA","2022","02","19",8.9,"",2.4,"",5.6,"",1.3,"",2.3,"","S",0,"9",.0,"9",.5,"",.0,"8",.0,"8",.0,"8",.0,"8",.0,"8",.0,"8",.0,"8",.0,"8",.0,"8",.0,"8",.0,"8",.0,"8",.0,"8",.0,"8",.0,"8",.0,"8",0,"",0,"8","R",0,"9",0,"9",0,"8"
"353200270","M£AWA","2022","02","20",3.5,"",.5,"",2.2,"",.0,"",7.9,"","S",0,"9",.0,"9",.0,"9",.0,"8",.0,"8",.0,"8",.0,"8",.0,"8",.0,"8",.0,"8",.0,"8",.0,"8",.0,"8",.0,"8",.0,"8",.0,"8",.0,"8",.0,"8",.0,"8",0,"",0,"8","R",0,"9",0,"9",0,"8"
"353200270","M£AWA","2022","02","21",8.4,"",2.4,"",5.4,"",1.6,"",1.8,"","W",0,"9",.0,"9",1.2,"",.0,"8",.0,"8",.0,"8",.0,"8",.0,"8",.0,"8",.0,"8",.0,"8",.0,"8",.0,"8",.0,"8",.0,"8",.0,"8",.0,"8",.0,"8",.0,"8",0,"",0,"8","R",0,"9",0,"9",0,"8"
"353200270","M£AWA","2022","02","22",3.8,"",.0,"",1.7,"",-2.0,"",1.2,"","S",0,"9",.0,"9",2.2,"",.0,"8",.0,"8",.0,"8",.0,"8",.0,"8",.0,"8",.0,"8",.0,"8",.0,"8",.0,"8",.0,"8",.0,"8",.0,"8",.0,"8",.0,"8",.0,"8",0,"",0,"8","R",0,"9",0,"9",0,"8"
"353200270","M£AWA","2022","02","23",5.8,"",-1.2,"",2.6,"",-3.6,"",.6,"","S",1,"",.0,"9",.0,"9",.0,"8",.0,"8",.0,"8",.0,"8",.0,"8",.0,"8",.0,"8",.0,"8",.0,"8",.0,"8",.0,"8",.0,"8",.0,"8",.0,"8",.0,"8",.0,"8",1,"",0,"8","R",0,"9",0,"9",0,"8"
"353200270","M£AWA","2022","02","24",8.4,"",-1.4,"",3.6,"",-4.3,"",.0,"","W",0,"9",.0,"9",8.1,"",.0,"8",.0,"8",.0,"8",.0,"8",.0,"8",.0,"8",.0,"8",.0,"8",.0,"8",.0,"8",.0,"8",.0,"8",.0,"8",.0,"8",.0,"8",.0,"8",0,"",0,"8","Z",1,"",0,"9",0,"8"
"353200270","M£AWA","2022","02","25",7.1,"",3.2,"",4.5,"",2.6,"",.0,"9","",0,"9",.0,"9",2.0,"",.0,"8",.0,"8",.0,"8",.0,"8",.0,"8",.0,"8",.0,"8",.0,"8",.0,"8",.0,"8",.0,"8",.0,"8",.0,"8",.0,"8",.0,"8",.0,"8",0,"",0,"8","R",0,"9",0,"9",0,"8"
"353200270","M£AWA","2022","02","26",6.4,"",-.3,"",2.8,"",-2.2,"",.0,"9","",0,"9",.0,"9",1.2,"",.0,"8",.0,"8",.0,"8",.0,"8",.0,"8",.0,"8",.0,"8",.0,"8",.0,"8",.0,"8",.0,"8",.0,"8",.0,"8",.0,"8",.0,"8",.0,"8",0,"",0,"8","Z",1,"",0,"9",0,"8"
"353200270","M£AWA","2022","02","27",4.2,"",-2.8,"",.4,"",-4.9,"",.0,"9","",0,"9",.0,"9",9.8,"",.0,"8",.0,"8",.0,"8",.0,"8",.0,"8",.0,"8",.0,"8",.0,"8",.0,"8",.0,"8",.0,"8",.0,"8",.0,"8",.0,"8",.0,"8",.0,"8",0,"",0,"8","Z",1,"",0,"9",0,"8"
"353200270","M£AWA","2022","02","28",3.6,"",-4.2,"",-1.1,"",-5.0,"",.0,"9","",0,"9",.0,"9",10.2,"",.0,"8",.0,"8",.0,"8",.0,"8",.0,"8",.0,"8",.0,"8",.0,"8",.0,"8",.0,"8",.0,"8",.0,"8",.0,"8",.0,"8",.0,"8",.0,"8",0,"",0,"8","Z",1,"",0,"9",0,"8"
"353200270","M£AWA","2022","03","01",5.3,"",-7.5,"",-1.6,"",-8.8,"",.0,"9","",0,"9",.0,"9",10.2,"",.0,"8",.0,"8",.0,"8",.0,"8",.0,"8",.0,"8",.0,"8",.0,"8",.0,"8",.0,"8",.0,"8",.0,"8",.0,"8",.0,"8",.0,"8",.0,"8",0,"",0,"8","Z",8,"",0,"9",0,"8"
"353200270","M£AWA","2022","03","02",5.1,"",-6.2,"",-1.0,"",-7.9,"",.0,"9","",0,"9",.0,"9",9.9,"",.0,"8",.0,"8",.0,"8",.0,"8",.0,"8",.0,"8",.0,"8",.0,"8",.0,"8",.0,"8",.0,"8",.0,"8",.0,"8",.0,"8",.0,"8",.0,"8",0,"",0,"8","Z",8,"",0,"9",0,"8"
"353200270","M£AWA","2022","03","03",1.7,"",-5.5,"",-1.0,"",-7.2,"",.1,"","S",0,"9",.0,"9",2.8,"",.0,"8",.0,"8",.0,"8",.0,"8",.0,"8",.0,"8",.0,"8",.0,"8",.0,"8",.0,"8",.0,"8",.0,"8",.0,"8",.0,"8",.0,"8",.0,"8",0,"",0,"8","Z",7,"",0,"9",0,"8"
"353200270","M£AWA","2022","03","04",5.1,"",.2,"",1.7,"",-1.1,"",.0,"","S",0,"",.0,"9",1.4,"",.0,"8",.0,"8",.0,"8",.0,"8",.0,"8",.0,"8",.0,"8",.0,"8",.0,"8",.0,"8",.0,"8",.0,"8",.0,"8",.0,"8",.0,"8",.0,"8",0,"",0,"8","",0,"9",0,"9",0,"8"
"353200270","M£AWA","2022","03","05",2.7,"",-1.7,"",.1,"",-2.6,"",.0,"9","",0,"9",.0,"9",4.1,"",.0,"8",.0,"8",.0,"8",.0,"8",.0,"8",.0,"8",.0,"8",.0,"8",.0,"8",.0,"8",.0,"8",.0,"8",.0,"8",.0,"8",.0,"8",.0,"8",0,"",0,"8","Z",1,"",0,"9",0,"8"
"353200270","M£AWA","2022","03","06",1.1,"",-4.9,"",-1.3,"",-6.8,"",.0,"9","",0,"9",.0,"9",1.6,"",.0,"8",.0,"8",.0,"8",.0,"8",.0,"8",.0,"8",.0,"8",.0,"8",.0,"8",.0,"8",.0,"8",.0,"8",.0,"8",.0,"8",.0,"8",.0,"8",0,"",0,"8","Z",1,"",0,"9",0,"8"
"353200270","M£AWA","2022","03","07",6.0,"",-3.3,"",.8,"",-4.5,"",.0,"9","",0,"9",.0,"9",8.0,"",.0,"8",.0,"8",.0,"8",.0,"8",.0,"8",.0,"8",.0,"8",.0,"8",.0,"8",.0,"8",.0,"8",.0,"8",.0,"8",.0,"8",.0,"8",.0,"8",0,"",0,"8","Z",1,"",0,"9",0,"8"
"353200270","M£AWA","2022","03","08",5.9,"",-1.8,"",1.9,"",-2.6,"",.0,"9","",0,"9",.0,"9",3.6,"",.0,"8",.0,"8",.0,"8",.0,"8",.0,"8",.0,"8",.0,"8",.0,"8",.0,"8",.0,"8",.0,"8",.0,"8",.0,"8",.0,"8",.0,"8",.0,"8",0,"",0,"8","Z",1,"",0,"9",0,"8"
"353200270","M£AWA","2022","03","09",7.6,"",-.9,"",3.2,"",-2.0,"",.0,"","W",0,"9",.0,"9",3.7,"",.0,"8",.0,"8",.0,"8",.0,"8",.0,"8",.0,"8",.0,"8",.0,"8",.0,"8",.0,"8",.0,"8",.0,"8",.0,"8",.0,"8",.0,"8",.0,"8",0,"",0,"8","Z",1,"",0,"9",0,"8"
"353200270","M£AWA","2022","03","10",3.2,"",-5.0,"",-1.7,"",-5.7,"",.0,"9","",0,"9",.0,"9",10.9,"",.0,"8",.0,"8",.0,"8",.0,"8",.0,"8",.0,"8",.0,"8",.0,"8",.0,"8",.0,"8",.0,"8",.0,"8",.0,"8",.0,"8",.0,"8",.0,"8",0,"",0,"8","Z",1,"",0,"9",0,"8"
"353200270","M£AWA","2022","03","11",3.2,"",-7.4,"",-2.3,"",-8.8,"",.0,"9","",0,"9",.0,"9",10.9,"",.0,"8",.0,"8",.0,"8",.0,"8",.0,"8",.0,"8",.0,"8",.0,"8",.0,"8",.0,"8",.0,"8",.0,"8",.0,"8",.0,"8",.0,"8",.0,"8",0,"",0,"8","Z",8,"",0,"9",0,"8"
"353200270","M£AWA","2022","03","12",6.9,"",-7.5,"",-.6,"",-9.4,"",.0,"9","",0,"9",.0,"9",10.3,"",.0,"8",.0,"8",.0,"8",.0,"8",.0,"8",.0,"8",.0,"8",.0,"8",.0,"8",.0,"8",.0,"8",.0,"8",.0,"8",.0,"8",.0,"8",.0,"8",0,"",0,"8","Z",9,"",0,"9",0,"8"
"353200270","M£AWA","2022","03","13",9.2,"",-5.5,"",1.9,"",-7.7,"",.0,"9","",0,"9",.0,"9",10.9,"",.0,"8",.0,"8",.0,"8",.0,"8",.0,"8",.0,"8",.0,"8",.0,"8",.0,"8",.0,"8",.0,"8",.0,"8",.0,"8",.0,"8",.0,"8",.0,"8",0,"",0,"8","Z",7,"",0,"9",0,"8"
"353200270","M£AWA","2022","03","14",9.3,"",-2.8,"",2.7,"",-3.8,"",.0,"9","",0,"9",.0,"9",10.8,"",.0,"8",.0,"8",.0,"8",.0,"8",.0,"8",.0,"8",.0,"8",.0,"8",.0,"8",.0,"8",.0,"8",.0,"8",.0,"8",.0,"8",.0,"8",.0,"8",0,"",0,"8","Z",1,"",0,"9",0,"8"
"353200270","M£AWA","2022","03","15",11.6,"",-1.8,"",4.3,"",-4.2,"",.0,"9","",0,"9",.0,"9",3.3,"",.0,"8",.0,"8",.0,"8",.0,"8",.0,"8",.0,"8",.0,"8",.0,"8",.0,"8",.0,"8",.0,"8",.0,"8",.0,"8",.0,"8",.0,"8",.0,"8",0,"",0,"8","Z",1,"",0,"9",0,"8"
"353200270","M£AWA","2022","03","16",11.9,"",.2,"",6.3,"",-2.8,"",.0,"9","",0,"9",.0,"9",4.9,"",.0,"8",.0,"8",.0,"8",.0,"8",.0,"8",.0,"8",.0,"8",.0,"8",.0,"8",.0,"8",.0,"8",.0,"8",.0,"8",.0,"8",.0,"8",.0,"8",0,"",0,"8","R",0,"9",0,"9",0,"8"
"353200270","M£AWA","2022","03","17",10.2,"",-.7,"",4.5,"",-1.9,"",.0,"9","",0,"9",.0,"9",10.1,"",.0,"8",.0,"8",.0,"8",.0,"8",.0,"8",.0,"8",.0,"8",.0,"8",.0,"8",.0,"8",.0,"8",.0,"8",.0,"8",.0,"8",.0,"8",.0,"8",0,"",0,"8","R",0,"9",0,"9",0,"8"
"353200270","M£AWA","2022","03","18",7.7,"",-2.0,"",2.3,"",-3.7,"",.0,"9","",0,"9",.0,"9",10.9,"",.0,"8",.0,"8",.0,"8",.0,"8",.0,"8",.0,"8",.0,"8",.0,"8",.0,"8",.0,"8",.0,"8",.0,"8",.0,"8",.0,"8",.0,"8",.0,"8",0,"",0,"8","Z",1,"",0,"9",0,"8"
"353200270","M£AWA","2022","03","19",9.4,"",-3.4,"",3.0,"",-5.9,"",.0,"9","",0,"9",.0,"9",10.8,"",.0,"8",.0,"8",.0,"8",.0,"8",.0,"8",.0,"8",.0,"8",.0,"8",.0,"8",.0,"8",.0,"8",.0,"8",.0,"8",.0,"8",.0,"8",.0,"8",0,"",0,"8","Z",1,"",0,"9",0,"8"
"353200270","M£AWA","2022","03","20",10.7,"",-2.3,"",4.2,"",-4.3,"",.0,"9","",0,"9",.0,"9",11.2,"",.0,"8",.0,"8",.0,"8",.0,"8",.0,"8",.0,"8",.0,"8",.0,"8",.0,"8",.0,"8",.0,"8",.0,"8",.0,"8",.0,"8",.0,"8",.0,"8",0,"",0,"8","R",0,"9",0,"9",0,"8"
"353200270","M£AWA","2022","03","21",13.5,"",-2.7,"",5.0,"",-6.0,"",.0,"9","",0,"9",.0,"9",11.1,"",.0,"8",.0,"8",.0,"8",.0,"8",.0,"8",.0,"8",.0,"8",.0,"8",.0,"8",.0,"8",.0,"8",.0,"8",.0,"8",.0,"8",.0,"8",.0,"8",0,"",0,"8","Z",1,"",0,"9",0,"8"
"353200270","M£AWA","2022","03","22",15.8,"",-1.0,"",7.1,"",-4.3,"",.0,"9","",0,"9",.0,"9",11.1,"",.0,"8",.0,"8",.0,"8",.0,"8",.0,"8",.0,"8",.0,"8",.0,"8",.0,"8",.0,"8",.0,"8",.0,"8",.0,"8",.0,"8",.0,"8",.0,"8",0,"",0,"8","R",0,"9",0,"9",0,"8"
"353200270","M£AWA","2022","03","23",17.8,"",-.6,"",7.8,"",-3.9,"",.0,"9","",0,"9",.0,"9",11.0,"",.0,"8",.0,"8",.0,"8",.0,"8",.0,"8",.0,"8",.0,"8",.0,"8",.0,"8",.0,"8",.0,"8",.0,"8",.0,"8",.0,"8",.0,"8",.0,"8",0,"",0,"8","R",0,"9",0,"9",0,"8"
"353200270","M£AWA","2022","03","24",14.0,"",-3.0,"",5.8,"",-5.1,"",.0,"9","",0,"9",.0,"9",11.3,"",.0,"8",.0,"8",.0,"8",.0,"8",.0,"8",.0,"8",.0,"8",.0,"8",.0,"8",.0,"8",.0,"8",.0,"8",.0,"8",.0,"8",.0,"8",.0,"8",0,"",0,"8","Z",1,"",0,"9",0,"8"
"353200270","M£AWA","2022","03","25",15.2,"",-2.0,"",7.1,"",-4.5,"",.0,"9","",0,"9",.0,"9",11.1,"",.0,"8",.0,"8",.0,"8",.0,"8",.0,"8",.0,"8",.0,"8",.0,"8",.0,"8",.0,"8",.0,"8",.0,"8",.0,"8",.0,"8",.0,"8",.0,"8",0,"",0,"8","R",0,"9",0,"9",0,"8"
"353200270","M£AWA","2022","03","26",11.5,"",3.8,"",6.4,"",-.1,"",.0,"9","",0,"9",.0,"9",3.7,"",.0,"8",.0,"8",.0,"8",.0,"8",.0,"8",.0,"8",.0,"8",.0,"8",.0,"8",.0,"8",.0,"8",.0,"8",.0,"8",.0,"8",.0,"8",.0,"8",0,"",0,"8","R",0,"9",0,"9",0,"8"
"353200270","M£AWA","2022","03","27",9.0,"",-1.7,"",4.0,"",-4.0,"",.0,"9","",0,"9",.0,"9",8.0,"",.0,"8",.0,"8",.0,"8",.0,"8",.0,"8",.0,"8",.0,"8",.0,"8",.0,"8",.0,"8",.0,"8",.0,"8",.0,"8",.0,"8",.0,"8",.0,"8",0,"",0,"8","R",0,"9",0,"9",0,"8"
"353200270","M£AWA","2022","03","28",17.2,"",1.6,"",9.2,"",-.7,"",.0,"9","",0,"9",.0,"9",11.5,"",.0,"8",.0,"8",.0,"8",.0,"8",.0,"8",.0,"8",.0,"8",.0,"8",.0,"8",.0,"8",.0,"8",.0,"8",.0,"8",.0,"8",.0,"8",.0,"8",0,"",0,"8","R",0,"9",0,"9",0,"8"
"353200270","M£AWA","2022","03","29",12.3,"",.6,"",5.5,"",-2.2,"",.0,"","W",0,"9",.0,"9",1.8,"",.0,"8",.0,"8",.0,"8",.0,"8",.0,"8",.0,"8",.0,"8",.0,"8",.0,"8",.0,"8",.0,"8",.0,"8",.0,"8",.0,"8",.0,"8",.0,"8",0,"",0,"8","R",0,"9",0,"9",0,"8"
"353200270","M£AWA","2022","03","30",8.0,"",.5,"",2.8,"",-1.2,"",.0,"9","",0,"9",.0,"9",4.4,"",.0,"8",.0,"8",.0,"8",.0,"8",.0,"8",.0,"8",.0,"8",.0,"8",.0,"8",.0,"8",.0,"8",.0,"8",.0,"8",.0,"8",.0,"8",.0,"8",0,"",0,"8","R",0,"9",0,"9",0,"8"
"353200270","M£AWA","2022","03","31",6.7,"",-3.1,"",1.7,"",-3.7,"",.0,"9","",0,"9",.0,"9",9.2,"",.0,"8",.0,"8",.0,"8",.0,"8",.0,"8",.0,"8",.0,"8",.0,"8",.0,"8",.0,"8",.0,"8",.0,"8",.0,"8",.0,"8",.0,"8",.0,"8",0,"",0,"8","R",0,"9",0,"9",0,"8"
"353200270","M£AWA","2022","04","01",5.1,"",-.1,"",2.4,"",-.4,"",.0,"9","",0,"9",.0,"9",.0,"9",.0,"8",.0,"8",.0,"8",.0,"8",.0,"8",.0,"8",.0,"8",.0,"8",.0,"8",.0,"8",.0,"8",.0,"8",.0,"8",.0,"8",.0,"8",.0,"8",0,"",0,"8","R",0,"9",0,"9",0,"8"
"353200270","M£AWA","2022","04","02",7.1,"",-.6,"",2.5,"",-.6,"",.0,"9","",0,"9",.0,"9",6.2,"",.0,"8",.0,"8",.0,"8",.0,"8",.0,"8",.0,"8",.0,"8",.0,"8",.0,"8",.0,"8",.0,"8",.0,"8",.0,"8",.0,"8",.0,"8",.0,"8",0,"",0,"8","R",0,"9",0,"9",0,"8"
"353200270","M£AWA","2022","04","03",5.9,"",-4.0,"",.5,"",-5.3,"",.0,"","S",0,"9",.0,"9",8.5,"",.0,"8",.0,"8",.0,"8",.0,"8",.0,"8",.0,"8",.0,"8",.0,"8",.0,"8",.0,"8",.0,"8",.0,"8",.0,"8",.0,"8",.0,"8",.0,"8",0,"",0,"8","",1,"",0,"9",0,"8"
"353200270","M£AWA","2022","04","04",8.8,"",-2.7,"",3.5,"",-6.1,"",2.2,"","W",0,"9",.0,"9",1.5,"",.0,"8",.0,"8",.0,"8",.0,"8",.0,"8",.0,"8",.0,"8",.0,"8",.0,"8",.0,"8",.0,"8",.0,"8",.0,"8",.0,"8",.0,"8",.0,"8",0,"",0,"8","R",0,"9",0,"9",0,"8"
"353200270","M£AWA","2022","04","05",6.5,"",1.3,"",3.7,"",-.5,"",2.2,"","S",0,"9",.0,"9",2.5,"",.0,"8",.0,"8",.0,"8",.0,"8",.0,"8",.0,"8",.0,"8",.0,"8",.0,"8",.0,"8",.0,"8",.0,"8",.0,"8",.0,"8",.0,"8",.0,"8",0,"",0,"8","R",0,"9",0,"9",0,"8"
"353200270","M£AWA","2022","04","06",9.9,"",.3,"",4.9,"",-1.7,"",1.5,"","W",0,"9",.0,"9",.0,"9",.0,"8",.0,"8",.0,"8",.0,"8",.0,"8",.0,"8",.0,"8",.0,"8",.0,"8",.0,"8",.0,"8",.0,"8",.0,"8",.0,"8",.0,"8",.0,"8",0,"",0,"8","R",0,"9",0,"9",0,"8"
"353200270","M£AWA","2022","04","07",15.6,"",6.2,"",10.9,"",4.0,"",1.8,"","W",0,"9",.0,"9",4.1,"",.0,"8",.0,"8",.0,"8",.0,"8",.0,"8",.0,"8",.0,"8",.0,"8",.0,"8",.0,"8",.0,"8",.0,"8",.0,"8",.0,"8",.0,"8",.0,"8",0,"",0,"8","R",0,"9",0,"9",0,"8"
"353200270","M£AWA","2022","04","08",13.9,"",5.6,"",6.8,"",4.7,"",.0,"","W",0,"9",.0,"9",3.4,"",.0,"8",.0,"8",.0,"8",.0,"8",.0,"8",.0,"8",.0,"8",.0,"8",.0,"8",.0,"8",.0,"8",.0,"8",.0,"8",.0,"8",.0,"8",.0,"8",0,"",0,"8","R",0,"9",0,"9",0,"8"
"353200270","M£AWA","2022","04","09",9.0,"",1.8,"",5.2,"",.1,"",.0,"9","",0,"9",.0,"9",5.7,"",.0,"8",.0,"8",.0,"8",.0,"8",.0,"8",.0,"8",.0,"8",.0,"8",.0,"8",.0,"8",.0,"8",.0,"8",.0,"8",.0,"8",.0,"8",.0,"8",0,"",0,"8","R",0,"9",0,"9",0,"8"
"353200270","M£AWA","2022","04","10",8.6,"",-1.0,"",3.5,"",-2.2,"",.0,"","W",0,"9",.0,"9",3.2,"",.0,"8",.0,"8",.0,"8",.0,"8",.0,"8",.0,"8",.0,"8",.0,"8",.0,"8",.0,"8",.0,"8",.0,"8",.0,"8",.0,"8",.0,"8",.0,"8",0,"",0,"8","R",0,"9",0,"9",0,"8"
"353200270","M£AWA","2022","04","11",7.6,"",-3.4,"",1.9,"",-5.1,"",.0,"","W",0,"9",.0,"9",1.1,"",.0,"8",.0,"8",.0,"8",.0,"8",.0,"8",.0,"8",.0,"8",.0,"8",.0,"8",.0,"8",.0,"8",.0,"8",.0,"8",.0,"8",.0,"8",.0,"8",0,"",0,"8","Z",1,"",0,"9",0,"8"
"353200270","M£AWA","2022","04","12",11.9,"",-3.8,"",4.8,"",-5.6,"",.0,"9","",0,"9",.0,"9",11.4,"",.0,"8",.0,"8",.0,"8",.0,"8",.0,"8",.0,"8",.0,"8",.0,"8",.0,"8",.0,"8",.0,"8",.0,"8",.0,"8",.0,"8",.0,"8",.0,"8",0,"",0,"8","Z",1,"",0,"9",0,"8"
"353200270","M£AWA","2022","04","13",13.5,"",.1,"",7.9,"",-3.0,"",.0,"9","",0,"9",.0,"9",6.4,"",.0,"8",.0,"8",.0,"8",.0,"8",.0,"8",.0,"8",.0,"8",.0,"8",.0,"8",.0,"8",.0,"8",.0,"8",.0,"8",.0,"8",.0,"8",.0,"8",0,"",0,"8","R",0,"9",0,"9",0,"8"
"353200270","M£AWA","2022","04","14",20.5,"",4.7,"",12.7,"",2.2,"",.0,"","W",0,"9",.0,"9",5.6,"",.0,"8",.0,"8",.0,"8",.0,"8",.0,"8",.0,"8",.0,"8",.0,"8",.0,"8",.0,"8",.0,"8",.0,"8",.0,"8",.0,"8",.0,"8",.0,"8",0,"",0,"8","R",0,"9",0,"9",0,"8"
"353200270","M£AWA","2022","04","15",16.0,"",6.7,"",9.9,"",6.8,"",.0,"","W",0,"9",.0,"9",.5,"",.0,"8",.0,"8",.0,"8",.0,"8",.0,"8",.0,"8",.0,"8",.0,"8",.0,"8",.0,"8",.0,"8",.0,"8",.0,"8",.0,"8",.0,"8",.0,"8",0,"",0,"8","R",0,"9",0,"9",0,"8"
"353200270","M£AWA","2022","04","16",10.4,"",1.0,"",5.5,"",.4,"",.0,"9","",0,"9",.0,"9",10.6,"",.0,"8",.0,"8",.0,"8",.0,"8",.0,"8",.0,"8",.0,"8",.0,"8",.0,"8",.0,"8",.0,"8",.0,"8",.0,"8",.0,"8",.0,"8",.0,"8",0,"",0,"8","R",0,"9",0,"9",0,"8"
"353200270","M£AWA","2022","04","17",11.6,"",-.9,"",5.4,"",-2.0,"",.0,"9","",0,"9",.0,"9",8.2,"",.0,"8",.0,"8",.0,"8",.0,"8",.0,"8",.0,"8",.0,"8",.0,"8",.0,"8",.0,"8",.0,"8",.0,"8",.0,"8",.0,"8",.0,"8",.0,"8",0,"",0,"8","R",0,"9",0,"9",0,"8"
"353200270","M£AWA","2022","04","18",12.3,"",.6,"",6.9,"",-.4,"",.0,"","W",0,"9",.0,"9",10.9,"",.0,"8",.0,"8",.0,"8",.0,"8",.0,"8",.0,"8",.0,"8",.0,"8",.0,"8",.0,"8",.0,"8",.0,"8",.0,"8",.0,"8",.0,"8",.0,"8",0,"",0,"8","R",0,"9",0,"9",0,"8"
"353200270","M£AWA","2022","04","19",10.0,"",2.8,"",5.8,"",1.8,"",13.2,"","W",0,"9",.0,"9",2.4,"",.0,"8",.0,"8",.0,"8",.0,"8",.0,"8",.0,"8",.0,"8",.0,"8",.0,"8",.0,"8",.0,"8",.0,"8",.0,"8",.0,"8",.0,"8",.0,"8",0,"",0,"8","R",0,"9",0,"9",0,"8"
"353200270","M£AWA","2022","04","20",8.3,"",4.6,"",6.7,"",4.3,"",1.9,"","W",0,"9",.0,"9",.0,"9",.0,"8",.0,"8",.0,"8",.0,"8",.0,"8",.0,"8",.0,"8",.0,"8",.0,"8",.0,"8",.0,"8",.0,"8",.0,"8",.0,"8",.0,"8",.0,"8",0,"",0,"8","R",0,"9",0,"9",0,"8"
"353200270","M£AWA","2022","04","21",15.3,"",7.4,"",10.4,"",7.1,"",.2,"","W",0,"9",.0,"9",.3,"",.0,"8",.0,"8",.0,"8",.0,"8",.0,"8",.0,"8",.0,"8",.0,"8",.0,"8",.0,"8",.0,"8",.0,"8",.0,"8",.0,"8",.0,"8",.0,"8",0,"",0,"8","R",0,"9",0,"9",0,"8"
"353200270","M£AWA","2022","04","22",12.7,"",7.3,"",9.3,"",7.1,"",.0,"9","",0,"9",.0,"9",6.2,"",.0,"8",.0,"8",.0,"8",.0,"8",.0,"8",.0,"8",.0,"8",.0,"8",.0,"8",.0,"8",.0,"8",.0,"8",.0,"8",.0,"8",.0,"8",.0,"8",0,"",0,"8","R",0,"9",0,"9",0,"8"
"353200270","M£AWA","2022","04","23",12.1,"",3.7,"",8.4,"",1.8,"",.0,"","W",0,"9",.0,"9",3.5,"",.0,"8",.0,"8",.0,"8",.0,"8",.0,"8",.0,"8",.0,"8",.0,"8",.0,"8",.0,"8",.0,"8",.0,"8",.0,"8",.0,"8",.0,"8",.0,"8",0,"",0,"8","R",0,"9",0,"9",0,"8"
"353200270","M£AWA","2022","04","24",15.3,"",5.5,"",10.1,"",5.3,"",.0,"9","",0,"9",.0,"9",3.9,"",.0,"8",.0,"8",.0,"8",.0,"8",.0,"8",.0,"8",.0,"8",.0,"8",.0,"8",.0,"8",.0,"8",.0,"8",.0,"8",.0,"8",.0,"8",.0,"8",0,"",0,"8","R",0,"9",0,"9",0,"8"
"353200270","M£AWA","2022","04","25",12.0,"",7.0,"",8.2,"",6.8,"",.0,"","W",0,"9",.0,"9",.0,"9",.0,"8",.0,"8",.0,"8",.0,"8",.0,"8",.0,"8",.0,"8",.0,"8",.0,"8",.0,"8",.0,"8",.0,"8",.0,"8",.0,"8",.0,"8",.0,"8",0,"",0,"8","R",0,"9",0,"9",0,"8"
"353200270","M£AWA","2022","04","26",12.6,"",5.5,"",8.3,"",5.4,"",.0,"","W",0,"9",.0,"9",.1,"",.0,"8",.0,"8",.0,"8",.0,"8",.0,"8",.0,"8",.0,"8",.0,"8",.0,"8",.0,"8",.0,"8",.0,"8",.0,"8",.0,"8",.0,"8",.0,"8",0,"",0,"8","R",0,"9",0,"9",0,"8"
"353200270","M£AWA","2022","04","27",15.3,"",3.2,"",10.0,"",1.0,"",.0,"9","",0,"9",.0,"9",6.8,"",.0,"8",.0,"8",.0,"8",.0,"8",.0,"8",.0,"8",.0,"8",.0,"8",.0,"8",.0,"8",.0,"8",.0,"8",.0,"8",.0,"8",.0,"8",.0,"8",0,"",0,"8","R",0,"9",0,"9",0,"8"
"353200270","M£AWA","2022","04","28",13.9,"",3.3,"",8.3,"",2.8,"",.0,"","W",0,"9",.0,"9",3.7,"",.0,"8",.0,"8",.0,"8",.0,"8",.0,"8",.0,"8",.0,"8",.0,"8",.0,"8",.0,"8",.0,"8",.0,"8",.0,"8",.0,"8",.0,"8",.0,"8",0,"",0,"8","R",0,"9",0,"9",0,"8"
"353200270","M£AWA","2022","04","29",15.5,"",3.4,"",9.9,"",1.2,"",.0,"9","",0,"9",.0,"9",5.8,"",.0,"8",.0,"8",.0,"8",.0,"8",.0,"8",.0,"8",.0,"8",.0,"8",.0,"8",.0,"8",.0,"8",.0,"8",.0,"8",.0,"8",.0,"8",.0,"8",0,"",0,"8","R",0,"9",0,"9",0,"8"
"353200270","M£AWA","2022","04","30",16.2,"",2.5,"",10.3,"",.4,"",.0,"9","",0,"9",.0,"9",8.8,"",.0,"8",.0,"8",.0,"8",.0,"8",.0,"8",.0,"8",.0,"8",.0,"8",.0,"8",.0,"8",.0,"8",.0,"8",.0,"8",.0,"8",.0,"8",.0,"8",0,"",0,"8","R",0,"9",0,"9",0,"8"
"353200270","M£AWA","2022","05","01",18.2,"",5.7,"",12.3,"",3.7,"",.0,"9","",0,"9",.0,"9",6.6,"",.0,"8",.0,"8",.0,"8",.0,"8",.0,"8",.0,"8",.0,"8",.0,"8",.0,"8",.0,"8",.0,"8",.0,"8",.0,"8",.0,"8",.0,"8",.0,"8",0,"",0,"8","R",0,"9",0,"9",0,"8"
"353200270","M£AWA","2022","05","02",17.5,"",7.3,"",11.8,"",6.8,"",.0,"9","",0,"9",.0,"9",7.2,"",.0,"8",.0,"8",.0,"8",.0,"8",.0,"8",.0,"8",.0,"8",.0,"8",.0,"8",.0,"8",.0,"8",.0,"8",.0,"8",.0,"8",.0,"8",.0,"8",0,"",0,"8","R",0,"9",0,"9",0,"8"
"353200270","M£AWA","2022","05","03",15.5,"",2.0,"",10.1,"",.2,"",.0,"9","",0,"9",.0,"9",6.4,"",.0,"8",.0,"8",.0,"8",.0,"8",.0,"8",.0,"8",.0,"8",.0,"8",.0,"8",.0,"8",.0,"8",.0,"8",.0,"8",.0,"8",.0,"8",.0,"8",0,"",0,"8","R",0,"9",0,"9",0,"8"
"353200270","M£AWA","2022","05","04",15.0,"",5.8,"",10.2,"",5.4,"",.0,"9","",0,"9",.0,"9",11.4,"",.0,"8",.0,"8",.0,"8",.0,"8",.0,"8",.0,"8",.0,"8",.0,"8",.0,"8",.0,"8",.0,"8",.0,"8",.0,"8",.0,"8",.0,"8",.0,"8",0,"",0,"8","R",0,"9",0,"9",0,"8"
"353200270","M£AWA","2022","05","05",21.2,"",6.3,"",13.8,"",5.5,"",.0,"","W",0,"9",.0,"9",7.2,"",.0,"8",.0,"8",.0,"8",.0,"8",.0,"8",.0,"8",.0,"8",.0,"8",.0,"8",.0,"8",.0,"8",.0,"8",.0,"8",.0,"8",.0,"8",.0,"8",0,"",0,"8","R",0,"9",0,"9",0,"8"
"353200270","M£AWA","2022","05","06",17.5,"",10.0,"",13.4,"",8.7,"",.0,"","W",0,"9",.0,"9",3.4,"",.0,"8",.0,"8",.0,"8",.0,"8",.0,"8",.0,"8",.0,"8",.0,"8",.0,"8",.0,"8",.0,"8",.0,"8",.0,"8",.0,"8",.0,"8",.0,"8",0,"",0,"8","R",0,"9",0,"9",0,"8"
"353200270","M£AWA","2022","05","07",19.9,"",3.8,"",13.1,"",1.9,"",.4,"","W",0,"9",.0,"9",8.1,"",.0,"8",.0,"8",.0,"8",.0,"8",.0,"8",.0,"8",.0,"8",.0,"8",.0,"8",.0,"8",.0,"8",.0,"8",.0,"8",.0,"8",.0,"8",.0,"8",0,"",0,"8","R",0,"9",0,"9",0,"8"
"353200270","M£AWA","2022","05","08",18.6,"",9.6,"",13.8,"",8.4,"",.0,"9","",0,"9",.0,"9",6.6,"",.0,"8",.0,"8",.0,"8",.0,"8",.0,"8",.0,"8",.0,"8",.0,"8",.0,"8",.0,"8",.0,"8",.0,"8",.0,"8",.0,"8",.0,"8",.0,"8",0,"",0,"8","R",0,"9",0,"9",0,"8"
"353200270","M£AWA","2022","05","09",16.8,"",5.8,"",11.5,"",4.7,"",.0,"9","",0,"9",.0,"9",14.6,"",.0,"8",.0,"8",.0,"8",.0,"8",.0,"8",.0,"8",.0,"8",.0,"8",.0,"8",.0,"8",.0,"8",.0,"8",.0,"8",.0,"8",.0,"8",.0,"8",0,"",0,"8","R",0,"9",0,"9",0,"8"
"353200270","M£AWA","2022","05","10",20.0,"",4.0,"",13.1,"",1.1,"",.0,"9","",0,"9",.0,"9",13.7,"",.0,"8",.0,"8",.0,"8",.0,"8",.0,"8",.0,"8",.0,"8",.0,"8",.0,"8",.0,"8",.0,"8",.0,"8",.0,"8",.0,"8",.0,"8",.0,"8",0,"",0,"8","R",0,"9",0,"9",0,"8"
"353200270","M£AWA","2022","05","11",24.7,"",10.7,"",17.9,"",8.0,"",.0,"9","",0,"9",.0,"9",2.9,"",.0,"8",.0,"8",.0,"8",.0,"8",.0,"8",.0,"8",.0,"8",.0,"8",.0,"8",.0,"8",.0,"8",.0,"8",.0,"8",.0,"8",.0,"8",.0,"8",0,"",0,"8","R",0,"9",0,"9",0,"8"
"353200270","M£AWA","2022","05","12",21.4,"",14.9,"",16.2,"",14.0,"",.4,"","W",0,"9",.0,"9",6.5,"",.0,"8",.0,"8",.0,"8",.0,"8",.0,"8",.0,"8",.0,"8",.0,"8",.0,"8",.0,"8",.0,"8",.0,"8",.0,"8",.0,"8",.0,"8",.0,"8",0,"",0,"8","R",0,"9",0,"9",0,"8"
"353200270","M£AWA","2022","05","13",20.0,"",5.3,"",13.2,"",3.3,"",.2,"","W",0,"9",.0,"9",4.7,"",.0,"8",.0,"8",.0,"8",.0,"8",.0,"8",.0,"8",.0,"8",.0,"8",.0,"8",.0,"8",.0,"8",.0,"8",.0,"8",.0,"8",.0,"8",.0,"8",0,"",0,"8","R",0,"9",0,"9",0,"8"
"353200270","M£AWA","2022","05","14",17.0,"",6.5,"",12.7,"",5.6,"",.0,"","W",0,"9",.0,"9",3.1,"",.0,"8",.0,"8",.0,"8",.0,"8",.0,"8",.0,"8",.0,"8",.0,"8",.0,"8",.0,"8",.0,"8",.0,"8",.0,"8",.0,"8",.0,"8",.0,"8",0,"",0,"8","R",0,"9",0,"9",0,"8"
"353200270","M£AWA","2022","05","15",18.8,"",6.2,"",12.7,"",3.6,"",.0,"9","",0,"9",.0,"9",12.0,"",.0,"8",.0,"8",.0,"8",.0,"8",.0,"8",.0,"8",.0,"8",.0,"8",.0,"8",.0,"8",.0,"8",.0,"8",.0,"8",.0,"8",.0,"8",.0,"8",0,"",0,"8","R",0,"9",0,"9",0,"8"
"353200270","M£AWA","2022","05","16",19.6,"",3.4,"",13.4,"",1.8,"",.0,"9","",0,"9",.0,"9",10.9,"",.0,"8",.0,"8",.0,"8",.0,"8",.0,"8",.0,"8",.0,"8",.0,"8",.0,"8",.0,"8",.0,"8",.0,"8",.0,"8",.0,"8",.0,"8",.0,"8",0,"",0,"8","R",0,"9",0,"9",0,"8"
"353200270","M£AWA","2022","05","17",16.4,"",7.2,"",11.1,"",6.9,"",.0,"9","",0,"9",.0,"9",9.7,"",.0,"8",.0,"8",.0,"8",.0,"8",.0,"8",.0,"8",.0,"8",.0,"8",.0,"8",.0,"8",.0,"8",.0,"8",.0,"8",.0,"8",.0,"8",.0,"8",0,"",0,"8","R",0,"9",0,"9",0,"8"
"353200270","M£AWA","2022","05","18",18.2,"",.5,"",10.4,"",-1.4,"",.0,"9","",0,"9",.0,"9",15.3,"",.0,"8",.0,"8",.0,"8",.0,"8",.0,"8",.0,"8",.0,"8",.0,"8",.0,"8",.0,"8",.0,"8",.0,"8",.0,"8",.0,"8",.0,"8",.0,"8",0,"",0,"8","R",0,"9",0,"9",0,"8"
"353200270","M£AWA","2022","05","19",24.5,"",2.1,"",15.3,"",.3,"",.0,"9","",0,"9",.0,"9",12.0,"",.0,"8",.0,"8",.0,"8",.0,"8",.0,"8",.0,"8",.0,"8",.0,"8",.0,"8",.0,"8",.0,"8",.0,"8",.0,"8",.0,"8",.0,"8",.0,"8",0,"",0,"8","R",0,"9",0,"9",0,"8"
"353200270","M£AWA","2022","05","20",26.0,"",10.9,"",18.7,"",7.7,"",7.5,"","W",0,"9",.0,"9",8.1,"",.0,"8",.0,"8",.0,"8",.0,"8",.0,"8",.0,"8",.0,"8",.0,"8",.0,"8",.0,"8",.0,"8",.0,"8",.0,"8",.0,"8",.0,"8",.0,"8",0,"",0,"8","R",0,"9",0,"9",0,"8"
"353200270","M£AWA","2022","05","21",20.4,"",12.5,"",13.7,"",11.5,"",2.7,"","W",0,"9",.0,"9",.6,"",.0,"8",.0,"8",.0,"8",.0,"8",.0,"8",.0,"8",.0,"8",.0,"8",.0,"8",.0,"8",.0,"8",.0,"8",.0,"8",.0,"8",.0,"8",.0,"8",0,"",0,"8","R",0,"9",0,"9",0,"8"
"353200270","M£AWA","2022","05","22",13.0,"",9.1,"",10.3,"",8.7,"",.0,"","W",0,"9",.0,"9",3.0,"",.0,"8",.0,"8",.0,"8",.0,"8",.0,"8",.0,"8",.0,"8",.0,"8",.0,"8",.0,"8",.0,"8",.0,"8",.0,"8",.0,"8",.0,"8",.0,"8",0,"",0,"8","R",0,"9",0,"9",0,"8"
"353200270","M£AWA","2022","05","23",17.6,"",8.3,"",13.1,"",8.2,"",.0,"9","",0,"9",.0,"9",7.5,"",.0,"8",.0,"8",.0,"8",.0,"8",.0,"8",.0,"8",.0,"8",.0,"8",.0,"8",.0,"8",.0,"8",.0,"8",.0,"8",.0,"8",.0,"8",.0,"8",0,"",0,"8","R",0,"9",0,"9",0,"8"
"353200270","M£AWA","2022","05","24",20.8,"",9.0,"",14.6,"",7.6,"",1.1,"","W",0,"9",.0,"9",5.9,"",.0,"8",.0,"8",.0,"8",.0,"8",.0,"8",.0,"8",.0,"8",.0,"8",.0,"8",.0,"8",.0,"8",.0,"8",.0,"8",.0,"8",.0,"8",.0,"8",0,"",0,"8","R",0,"9",0,"9",0,"8"
"353200270","M£AWA","2022","05","25",18.1,"",12.1,"",13.7,"",12.3,"",5.4,"","W",0,"9",.0,"9",.2,"",.0,"8",.0,"8",.0,"8",.0,"8",.0,"8",.0,"8",.0,"8",.0,"8",.0,"8",.0,"8",.0,"8",.0,"8",.0,"8",.0,"8",.0,"8",.0,"8",0,"",0,"8","R",0,"9",0,"9",0,"8"
"353200270","M£AWA","2022","05","26",18.8,"",7.1,"",13.0,"",5.7,"",1.4,"","W",0,"9",.0,"9",6.7,"",.0,"8",.0,"8",.0,"8",.0,"8",.0,"8",.0,"8",.0,"8",.0,"8",.0,"8",.0,"8",.0,"8",.0,"8",.0,"8",.0,"8",.0,"8",.0,"8",0,"",0,"8","R",0,"9",0,"9",0,"8"
"353200270","M£AWA","2022","05","27",17.9,"",10.1,"",12.4,"",8.3,"",.0,"","W",0,"9",.0,"9",4.3,"",.0,"8",.0,"8",.0,"8",.0,"8",.0,"8",.0,"8",.0,"8",.0,"8",.0,"8",.0,"8",.0,"8",.0,"8",.0,"8",.0,"8",.0,"8",.0,"8",0,"",0,"8","R",0,"9",0,"9",0,"8"
"353200270","M£AWA","2022","05","28",12.4,"",6.2,"",8.5,"",5.7,"",2.1,"","S",0,"9",.0,"9",1.8,"",.0,"8",.0,"8",.0,"8",.0,"8",.0,"8",.0,"8",.0,"8",.0,"8",.0,"8",.0,"8",.0,"8",.0,"8",.0,"8",.0,"8",.0,"8",.0,"8",0,"",0,"8","R",0,"9",0,"9",0,"8"
"353200270","M£AWA","2022","05","29",14.9,"",8.9,"",11.2,"",8.7,"",2.6,"","W",0,"9",.0,"9",.4,"",.0,"8",.0,"8",.0,"8",.0,"8",.0,"8",.0,"8",.0,"8",.0,"8",.0,"8",.0,"8",.0,"8",.0,"8",.0,"8",.0,"8",.0,"8",.0,"8",0,"",0,"8","R",0,"9",0,"9",0,"8"
"353200270","M£AWA","2022","05","30",15.5,"",9.2,"",11.7,"",8.4,"",.0,"","W",0,"9",.0,"9",1.5,"",.0,"8",.0,"8",.0,"8",.0,"8",.0,"8",.0,"8",.0,"8",.0,"8",.0,"8",.0,"8",.0,"8",.0,"8",.0,"8",.0,"8",.0,"8",.0,"8",0,"",0,"8","R",0,"9",0,"9",0,"8"
"353200270","M£AWA","2022","05","31",19.0,"",5.6,"",12.9,"",4.1,"",4.9,"","W",0,"9",.0,"9",10.7,"",.0,"8",.0,"8",.0,"8",.0,"8",.0,"8",.0,"8",.0,"8",.0,"8",.0,"8",.0,"8",.0,"8",.0,"8",.0,"8",.0,"8",.0,"8",.0,"8",0,"",0,"8","R",0,"9",0,"9",0,"8"
"353200270","M£AWA","2022","06","01",19.4,"",11.1,"",13.5,"",9.9,"",2.2,"","W",0,"9",.0,"9",6.0,"",.0,"8",.0,"8",.0,"8",.0,"8",.0,"8",.0,"8",.0,"8",.0,"8",.0,"8",.0,"8",.0,"8",.0,"8",.0,"8",.0,"8",.0,"8",.0,"8",0,"",0,"8","R",0,"9",0,"9",0,"8"
"353200270","M£AWA","2022","06","02",18.6,"",8.5,"",12.3,"",7.0,"",.1,"","W",0,"9",.0,"9",4.5,"",.0,"8",.0,"8",.0,"8",.0,"8",.0,"8",.0,"8",.0,"8",.0,"8",.0,"8",.0,"8",.0,"8",.0,"8",.0,"8",.0,"8",.0,"8",.0,"8",0,"",0,"8","R",0,"9",0,"9",0,"8"
"353200270","M£AWA","2022","06","03",21.5,"",5.8,"",14.8,"",3.9,"",.0,"9","",0,"9",.0,"9",12.5,"",.0,"8",.0,"8",.0,"8",.0,"8",.0,"8",.0,"8",.0,"8",.0,"8",.0,"8",.0,"8",.0,"8",.0,"8",.0,"8",.0,"8",.0,"8",.0,"8",0,"",0,"8","R",0,"9",0,"9",0,"8"
"353200270","M£AWA","2022","06","04",24.3,"",11.0,"",17.8,"",8.4,"",.0,"9","",0,"9",.0,"9",9.5,"",.0,"8",.0,"8",.0,"8",.0,"8",.0,"8",.0,"8",.0,"8",.0,"8",.0,"8",.0,"8",.0,"8",.0,"8",.0,"8",.0,"8",.0,"8",.0,"8",0,"",0,"8","R",0,"9",0,"9",0,"8"
"353200270","M£AWA","2022","06","05",23.3,"",8.6,"",16.4,"",7.8,"",.0,"9","",0,"9",.0,"9",15.5,"",.0,"8",.0,"8",.0,"8",.0,"8",.0,"8",.0,"8",.0,"8",.0,"8",.0,"8",.0,"8",.0,"8",.0,"8",.0,"8",.0,"8",.0,"8",.0,"8",0,"",0,"8","R",0,"9",0,"9",0,"8"
"353200270","M£AWA","2022","06","06",26.1,"",11.2,"",19.3,"",9.4,"",2.9,"","W",0,"9",.0,"9",10.3,"",.0,"8",.0,"8",.0,"8",.0,"8",.0,"8",.0,"8",.0,"8",.0,"8",.0,"8",.0,"8",.0,"8",.0,"8",.0,"8",.0,"8",.0,"8",.0,"8",0,"",0,"8","R",0,"9",0,"9",0,"8"
"353200270","M£AWA","2022","06","07",25.8,"",16.0,"",19.9,"",15.5,"",2.7,"","W",0,"9",.0,"9",7.2,"",.0,"8",.0,"8",.0,"8",.0,"8",.0,"8",.0,"8",.0,"8",.0,"8",.0,"8",.0,"8",.0,"8",.0,"8",.0,"8",.0,"8",.0,"8",.0,"8",0,"",0,"8","R",0,"9",0,"9",0,"8"
"353200270","M£AWA","2022","06","08",21.1,"",15.9,"",18.4,"",15.9,"",.0,"","W",0,"9",.0,"9",.4,"",.0,"8",.0,"8",.0,"8",.0,"8",.0,"8",.0,"8",.0,"8",.0,"8",.0,"8",.0,"8",.0,"8",.0,"8",.0,"8",.0,"8",.0,"8",.0,"8",0,"",0,"8","R",0,"9",0,"9",0,"8"
"353200270","M£AWA","2022","06","09",25.0,"",15.9,"",20.3,"",15.1,"",15.6,"","W",0,"9",.0,"9",5.4,"",.0,"8",.0,"8",.0,"8",.0,"8",.0,"8",.0,"8",.0,"8",.0,"8",.0,"8",.0,"8",.0,"8",.0,"8",.0,"8",.0,"8",.0,"8",.0,"8",0,"",0,"8","R",0,"9",0,"9",0,"8"
"353200270","M£AWA","2022","06","10",22.6,"",15.7,"",17.4,"",15.2,"",.3,"","W",0,"9",.0,"9",.5,"",.0,"8",.0,"8",.0,"8",.0,"8",.0,"8",.0,"8",.0,"8",.0,"8",.0,"8",.0,"8",.0,"8",.0,"8",.0,"8",.0,"8",.0,"8",.0,"8",0,"",0,"8","R",0,"9",0,"9",0,"8"
"353200270","M£AWA","2022","06","11",22.6,"",9.1,"",16.9,"",8.5,"",.0,"9","",0,"9",.0,"9",11.8,"",.0,"8",.0,"8",.0,"8",.0,"8",.0,"8",.0,"8",.0,"8",.0,"8",.0,"8",.0,"8",.0,"8",.0,"8",.0,"8",.0,"8",.0,"8",.0,"8",0,"",0,"8","R",0,"9",0,"9",0,"8"
"353200270","M£AWA","2022","06","12",25.0,"",13.3,"",18.9,"",11.7,"",5.6,"","W",0,"9",.0,"9",8.0,"",.0,"8",.0,"8",.0,"8",.0,"8",.0,"8",.0,"8",.0,"8",.0,"8",.0,"8",.0,"8",.0,"8",.0,"8",.0,"8",.0,"8",.0,"8",.0,"8",0,"",0,"8","R",0,"9",0,"9",0,"8"
"353200270","M£AWA","2022","06","13",20.1,"",12.7,"",14.5,"",13.0,"",11.5,"","W",0,"9",.0,"9",2.1,"",.0,"8",.0,"8",.0,"8",.0,"8",.0,"8",.0,"8",.0,"8",.0,"8",.0,"8",.0,"8",.0,"8",.0,"8",.0,"8",.0,"8",.0,"8",.0,"8",0,"",0,"8","R",0,"9",0,"9",0,"8"
"353200270","M£AWA","2022","06","14",16.7,"",8.0,"",12.7,"",7.2,"",.0,"","W",0,"9",.0,"9",7.3,"",.0,"8",.0,"8",.0,"8",.0,"8",.0,"8",.0,"8",.0,"8",.0,"8",.0,"8",.0,"8",.0,"8",.0,"8",.0,"8",.0,"8",.0,"8",.0,"8",0,"",0,"8","R",0,"9",0,"9",0,"8"
"353200270","M£AWA","2022","06","15",20.7,"",7.0,"",14.8,"",4.9,"",.0,"9","",0,"9",.0,"9",7.9,"",.0,"8",.0,"8",.0,"8",.0,"8",.0,"8",.0,"8",.0,"8",.0,"8",.0,"8",.0,"8",.0,"8",.0,"8",.0,"8",.0,"8",.0,"8",.0,"8",0,"",0,"8","R",0,"9",0,"9",0,"8"
"353200270","M£AWA","2022","06","16",23.1,"",10.6,"",16.7,"",8.7,"",.0,"","W",0,"9",.0,"9",5.8,"",.0,"8",.0,"8",.0,"8",.0,"8",.0,"8",.0,"8",.0,"8",.0,"8",.0,"8",.0,"8",.0,"8",.0,"8",.0,"8",.0,"8",.0,"8",.0,"8",0,"",0,"8","R",0,"9",0,"9",0,"8"
"353200270","M£AWA","2022","06","17",22.9,"",7.9,"",16.5,"",6.5,"",.0,"9","",0,"9",.0,"9",10.1,"",.0,"8",.0,"8",.0,"8",.0,"8",.0,"8",.0,"8",.0,"8",.0,"8",.0,"8",.0,"8",.0,"8",.0,"8",.0,"8",.0,"8",.0,"8",.0,"8",0,"",0,"8","R",0,"9",0,"9",0,"8"
"353200270","M£AWA","2022","06","18",26.6,"",10.4,"",19.5,"",8.9,"",.0,"","W",0,"9",.0,"9",5.5,"",.0,"8",.0,"8",.0,"8",.0,"8",.0,"8",.0,"8",.0,"8",.0,"8",.0,"8",.0,"8",.0,"8",.0,"8",.0,"8",.0,"8",.0,"8",.0,"8",0,"",0,"8","R",0,"9",0,"9",0,"8"
"353200270","M£AWA","2022","06","19",31.2,"",14.2,"",23.4,"",13.1,"",.0,"","W",0,"9",.0,"9",12.0,"",.0,"8",.0,"8",.0,"8",.0,"8",.0,"8",.0,"8",.0,"8",.0,"8",.0,"8",.0,"8",.0,"8",.0,"8",.0,"8",.0,"8",.0,"8",.0,"8",0,"",0,"8","R",0,"9",0,"9",0,"8"
"353200270","M£AWA","2022","06","20",27.2,"",13.6,"",15.9,"",13.6,"",10.7,"","W",0,"9",.0,"9",1.4,"",.0,"8",.0,"8",.0,"8",.0,"8",.0,"8",.0,"8",.0,"8",.0,"8",.0,"8",.0,"8",.0,"8",.0,"8",.0,"8",.0,"8",.0,"8",.0,"8",0,"",0,"8","R",0,"9",0,"9",0,"8"
"353200270","M£AWA","2022","06","21",17.9,"",10.7,"",13.4,"",10.2,"",3.7,"","W",0,"9",.0,"9",5.2,"",.0,"8",.0,"8",.0,"8",.0,"8",.0,"8",.0,"8",.0,"8",.0,"8",.0,"8",.0,"8",.0,"8",.0,"8",.0,"8",.0,"8",.0,"8",.0,"8",0,"",0,"8","R",0,"9",0,"9",0,"8"
"353200270","M£AWA","2022","06","22",22.4,"",8.5,"",16.5,"",7.1,"",.0,"9","",0,"9",.0,"9",12.9,"",.0,"8",.0,"8",.0,"8",.0,"8",.0,"8",.0,"8",.0,"8",.0,"8",.0,"8",.0,"8",.0,"8",.0,"8",.0,"8",.0,"8",.0,"8",.0,"8",0,"",0,"8","R",0,"9",0,"9",0,"8"
"353200270","M£AWA","2022","06","23",25.3,"",12.0,"",19.3,"",10.5,"",.0,"9","",0,"9",.0,"9",11.9,"",.0,"8",.0,"8",.0,"8",.0,"8",.0,"8",.0,"8",.0,"8",.0,"8",.0,"8",.0,"8",.0,"8",.0,"8",.0,"8",.0,"8",.0,"8",.0,"8",0,"",0,"8","R",0,"9",0,"9",0,"8"
"353200270","M£AWA","2022","06","24",26.9,"",14.0,"",21.5,"",11.5,"",.0,"9","",0,"9",.0,"9",15.8,"",.0,"8",.0,"8",.0,"8",.0,"8",.0,"8",.0,"8",.0,"8",.0,"8",.0,"8",.0,"8",.0,"8",.0,"8",.0,"8",.0,"8",.0,"8",.0,"8",0,"",0,"8","R",0,"9",0,"9",0,"8"
"353200270","M£AWA","2022","06","25",28.8,"",15.6,"",23.2,"",14.6,"",.0,"9","",0,"9",.0,"9",15.0,"",.0,"8",.0,"8",.0,"8",.0,"8",.0,"8",.0,"8",.0,"8",.0,"8",.0,"8",.0,"8",.0,"8",.0,"8",.0,"8",.0,"8",.0,"8",.0,"8",0,"",0,"8","R",0,"9",0,"9",0,"8"
"353200270","M£AWA","2022","06","26",29.7,"",17.3,"",24.5,"",16.6,"",.0,"9","",0,"9",.0,"9",14.8,"",.0,"8",.0,"8",.0,"8",.0,"8",.0,"8",.0,"8",.0,"8",.0,"8",.0,"8",.0,"8",.0,"8",.0,"8",.0,"8",.0,"8",.0,"8",.0,"8",0,"",0,"8","R",0,"9",0,"9",0,"8"
"353200270","M£AWA","2022","06","27",30.7,"",18.0,"",25.3,"",16.7,"",.0,"9","",0,"9",.0,"9",15.4,"",.0,"8",.0,"8",.0,"8",.0,"8",.0,"8",.0,"8",.0,"8",.0,"8",.0,"8",.0,"8",.0,"8",.0,"8",.0,"8",.0,"8",.0,"8",.0,"8",0,"",0,"8","R",0,"9",0,"9",0,"8"
"353200270","M£AWA","2022","06","28",32.1,"",20.0,"",24.4,"",19.1,"",3.3,"","W",0,"9",.0,"9",8.2,"",.0,"8",.0,"8",.0,"8",.0,"8",.0,"8",.0,"8",.0,"8",.0,"8",.0,"8",.0,"8",.0,"8",.0,"8",.0,"8",.0,"8",.0,"8",.0,"8",0,"",0,"8","R",0,"9",0,"9",0,"8"
"353200270","M£AWA","2022","06","29",24.3,"",17.7,"",20.1,"",17.7,"",.0,"9","",0,"9",.0,"9",4.7,"",.0,"8",.0,"8",.0,"8",.0,"8",.0,"8",.0,"8",.0,"8",.0,"8",.0,"8",.0,"8",.0,"8",.0,"8",.0,"8",.0,"8",.0,"8",.0,"8",0,"",0,"8","R",0,"9",0,"9",0,"8"
"353200270","M£AWA","2022","06","30",31.5,"",17.3,"",24.4,"",16.4,"",.0,"","W",0,"9",.0,"9",9.7,"",.0,"8",.0,"8",.0,"8",.0,"8",.0,"8",.0,"8",.0,"8",.0,"8",.0,"8",.0,"8",.0,"8",.0,"8",.0,"8",.0,"8",.0,"8",.0,"8",0,"",0,"8","R",0,"9",0,"9",0,"8"
"353200270","M£AWA","2022","07","01",33.6,"",20.9,"",26.9,"",20.6,"",16.0,"","W",0,"9",.0,"9",11.2,"",.0,"8",.0,"8",.0,"8",.0,"8",.0,"8",.0,"8",.0,"8",.0,"8",.0,"8",.0,"8",.0,"8",.0,"8",.0,"8",.0,"8",.0,"8",.0,"8",0,"",0,"8","R",0,"9",0,"9",0,"8"
"353200270","M£AWA","2022","07","02",28.9,"",16.8,"",18.3,"",17.1,"",.1,"","W",0,"9",.0,"9",2.1,"",.0,"8",.0,"8",.0,"8",.0,"8",.0,"8",.0,"8",.0,"8",.0,"8",.0,"8",.0,"8",.0,"8",.0,"8",.0,"8",.0,"8",.0,"8",.0,"8",0,"",0,"8","R",0,"9",0,"9",0,"8"
"353200270","M£AWA","2022","07","03",25.2,"",11.2,"",19.1,"",9.7,"",.0,"9","",0,"9",.0,"9",15.8,"",.0,"8",.0,"8",.0,"8",.0,"8",.0,"8",.0,"8",.0,"8",.0,"8",.0,"8",.0,"8",.0,"8",.0,"8",.0,"8",.0,"8",.0,"8",.0,"8",0,"",0,"8","R",0,"9",0,"9",0,"8"
"353200270","M£AWA","2022","07","04",27.7,"",13.7,"",21.2,"",12.2,"",.0,"9","",0,"9",.0,"9",10.1,"",.0,"8",.0,"8",.0,"8",.0,"8",.0,"8",.0,"8",.0,"8",.0,"8",.0,"8",.0,"8",.0,"8",.0,"8",.0,"8",.0,"8",.0,"8",.0,"8",0,"",0,"8","R",0,"9",0,"9",0,"8"
"353200270","M£AWA","2022","07","05",24.3,"",14.9,"",19.9,"",13.7,"",.0,"9","",0,"9",.0,"9",4.3,"",.0,"8",.0,"8",.0,"8",.0,"8",.0,"8",.0,"8",.0,"8",.0,"8",.0,"8",.0,"8",.0,"8",.0,"8",.0,"8",.0,"8",.0,"8",.0,"8",0,"",0,"8","R",0,"9",0,"9",0,"8"
"353200270","M£AWA","2022","07","06",22.7,"",14.6,"",17.5,"",14.6,"",.0,"","W",0,"9",.0,"9",6.7,"",.0,"8",.0,"8",.0,"8",.0,"8",.0,"8",.0,"8",.0,"8",.0,"8",.0,"8",.0,"8",.0,"8",.0,"8",.0,"8",.0,"8",.0,"8",.0,"8",0,"",0,"8","R",0,"9",0,"9",0,"8"
"353200270","M£AWA","2022","07","07",21.3,"",11.1,"",16.8,"",10.1,"",.0,"9","",0,"9",.0,"9",2.9,"",.0,"8",.0,"8",.0,"8",.0,"8",.0,"8",.0,"8",.0,"8",.0,"8",.0,"8",.0,"8",.0,"8",.0,"8",.0,"8",.0,"8",.0,"8",.0,"8",0,"",0,"8","R",0,"9",0,"9",0,"8"
"353200270","M£AWA","2022","07","08",21.8,"",15.0,"",17.1,"",14.2,"",4.1,"","W",0,"9",.0,"9",3.3,"",.0,"8",.0,"8",.0,"8",.0,"8",.0,"8",.0,"8",.0,"8",.0,"8",.0,"8",.0,"8",.0,"8",.0,"8",.0,"8",.0,"8",.0,"8",.0,"8",0,"",0,"8","R",0,"9",0,"9",0,"8"
"353200270","M£AWA","2022","07","09",20.4,"",11.3,"",15.9,"",10.5,"",.0,"","W",0,"9",.0,"9",1.4,"",.0,"8",.0,"8",.0,"8",.0,"8",.0,"8",.0,"8",.0,"8",.0,"8",.0,"8",.0,"8",.0,"8",.0,"8",.0,"8",.0,"8",.0,"8",.0,"8",0,"",0,"8","R",0,"9",0,"9",0,"8"
"353200270","M£AWA","2022","07","10",18.5,"",7.7,"",13.1,"",6.4,"",1.4,"","W",0,"9",.0,"9",4.3,"",.0,"8",.0,"8",.0,"8",.0,"8",.0,"8",.0,"8",.0,"8",.0,"8",.0,"8",.0,"8",.0,"8",.0,"8",.0,"8",.0,"8",.0,"8",.0,"8",0,"",0,"8","R",0,"9",0,"9",0,"8"
"353200270","M£AWA","2022","07","11",18.7,"",8.5,"",13.3,"",6.9,"",1.1,"","W",0,"9",.0,"9",3.0,"",.0,"8",.0,"8",.0,"8",.0,"8",.0,"8",.0,"8",.0,"8",.0,"8",.0,"8",.0,"8",.0,"8",.0,"8",.0,"8",.0,"8",.0,"8",.0,"8",0,"",0,"8","R",0,"9",0,"9",0,"8"
"353200270","M£AWA","2022","07","12",20.5,"",11.8,"",16.9,"",11.3,"",.0,"9","",0,"9",.0,"9",1.4,"",.0,"8",.0,"8",.0,"8",.0,"8",.0,"8",.0,"8",.0,"8",.0,"8",.0,"8",.0,"8",.0,"8",.0,"8",.0,"8",.0,"8",.0,"8",.0,"8",0,"",0,"8","R",0,"9",0,"9",0,"8"
"353200270","M£AWA","2022","07","13",25.8,"",15.2,"",20.6,"",14.7,"",.0,"9","",0,"9",.0,"9",5.9,"",.0,"8",.0,"8",.0,"8",.0,"8",.0,"8",.0,"8",.0,"8",.0,"8",.0,"8",.0,"8",.0,"8",.0,"8",.0,"8",.0,"8",.0,"8",.0,"8",0,"",0,"8","R",0,"9",0,"9",0,"8"
"353200270","M£AWA","2022","07","14",23.5,"",14.5,"",18.6,"",12.7,"",.3,"","W",0,"9",.0,"9",13.0,"",.0,"8",.0,"8",.0,"8",.0,"8",.0,"8",.0,"8",.0,"8",.0,"8",.0,"8",.0,"8",.0,"8",.0,"8",.0,"8",.0,"8",.0,"8",.0,"8",0,"",0,"8","R",0,"9",0,"9",0,"8"
"353200270","M£AWA","2022","07","15",19.5,"",8.3,"",14.2,"",7.0,"",.9,"","W",0,"9",.0,"9",5.4,"",.0,"8",.0,"8",.0,"8",.0,"8",.0,"8",.0,"8",.0,"8",.0,"8",.0,"8",.0,"8",.0,"8",.0,"8",.0,"8",.0,"8",.0,"8",.0,"8",0,"",0,"8","R",0,"9",0,"9",0,"8"
"353200270","M£AWA","2022","07","16",20.9,"",9.2,"",13.5,"",8.1,"",3.9,"","W",0,"9",.0,"9",4.7,"",.0,"8",.0,"8",.0,"8",.0,"8",.0,"8",.0,"8",.0,"8",.0,"8",.0,"8",.0,"8",.0,"8",.0,"8",.0,"8",.0,"8",.0,"8",.0,"8",0,"",0,"8","R",0,"9",0,"9",0,"8"
"353200270","M£AWA","2022","07","17",22.1,"",10.5,"",16.5,"",10.2,"",.0,"9","",0,"9",.0,"9",7.4,"",.0,"8",.0,"8",.0,"8",.0,"8",.0,"8",.0,"8",.0,"8",.0,"8",.0,"8",.0,"8",.0,"8",.0,"8",.0,"8",.0,"8",.0,"8",.0,"8",0,"",0,"8","R",0,"9",0,"9",0,"8"
"353200270","M£AWA","2022","07","18",23.7,"",8.0,"",17.0,"",6.8,"",.0,"","W",0,"9",.0,"9",5.2,"",.0,"8",.0,"8",.0,"8",.0,"8",.0,"8",.0,"8",.0,"8",.0,"8",.0,"8",.0,"8",.0,"8",.0,"8",.0,"8",.0,"8",.0,"8",.0,"8",0,"",0,"8","R",0,"9",0,"9",0,"8"
"353200270","M£AWA","2022","07","19",29.7,"",16.1,"",22.6,"",15.6,"",.0,"9","",0,"9",.0,"9",10.2,"",.0,"8",.0,"8",.0,"8",.0,"8",.0,"8",.0,"8",.0,"8",.0,"8",.0,"8",.0,"8",.0,"8",.0,"8",.0,"8",.0,"8",.0,"8",.0,"8",0,"",0,"8","R",0,"9",0,"9",0,"8"
"353200270","M£AWA","2022","07","20",31.0,"",13.3,"",23.2,"",11.7,"",.0,"9","",0,"9",.0,"9",14.3,"",.0,"8",.0,"8",.0,"8",.0,"8",.0,"8",.0,"8",.0,"8",.0,"8",.0,"8",.0,"8",.0,"8",.0,"8",.0,"8",.0,"8",.0,"8",.0,"8",0,"",0,"8","R",0,"9",0,"9",0,"8"
"353200270","M£AWA","2022","07","21",32.5,"",14.3,"",24.3,"",12.4,"",.0,"9","",0,"9",.0,"9",13.8,"",.0,"8",.0,"8",.0,"8",.0,"8",.0,"8",.0,"8",.0,"8",.0,"8",.0,"8",.0,"8",.0,"8",.0,"8",.0,"8",.0,"8",.0,"8",.0,"8",0,"",0,"8","R",0,"9",0,"9",0,"8"
"353200270","M£AWA","2022","07","22",31.4,"",16.9,"",24.9,"",15.3,"",.0,"9","",0,"9",.0,"9",11.3,"",.0,"8",.0,"8",.0,"8",.0,"8",.0,"8",.0,"8",.0,"8",.0,"8",.0,"8",.0,"8",.0,"8",.0,"8",.0,"8",.0,"8",.0,"8",.0,"8",0,"",0,"8","R",0,"9",0,"9",0,"8"
"353200270","M£AWA","2022","07","23",30.0,"",17.7,"",21.8,"",16.1,"",4.6,"","W",0,"9",.0,"9",6.8,"",.0,"8",.0,"8",.0,"8",.0,"8",.0,"8",.0,"8",.0,"8",.0,"8",.0,"8",.0,"8",.0,"8",.0,"8",.0,"8",.0,"8",.0,"8",.0,"8",0,"",0,"8","R",0,"9",0,"9",0,"8"
"353200270","M£AWA","2022","07","24",23.3,"",13.5,"",17.7,"",12.9,"",.0,"9","",0,"9",.0,"9",4.7,"",.0,"8",.0,"8",.0,"8",.0,"8",.0,"8",.0,"8",.0,"8",.0,"8",.0,"8",.0,"8",.0,"8",.0,"8",.0,"8",.0,"8",.0,"8",.0,"8",0,"",0,"8","R",0,"9",0,"9",0,"8"
"353200270","M£AWA","2022","07","25",28.3,"",11.8,"",20.5,"",10.0,"",.0,"9","",0,"9",.0,"9",15.0,"",.0,"8",.0,"8",.0,"8",.0,"8",.0,"8",.0,"8",.0,"8",.0,"8",.0,"8",.0,"8",.0,"8",.0,"8",.0,"8",.0,"8",.0,"8",.0,"8",0,"",0,"8","R",0,"9",0,"9",0,"8"
"353200270","M£AWA","2022","07","26",25.1,"",17.1,"",19.9,"",15.9,"",.0,"","W",0,"9",.0,"9",.5,"",.0,"8",.0,"8",.0,"8",.0,"8",.0,"8",.0,"8",.0,"8",.0,"8",.0,"8",.0,"8",.0,"8",.0,"8",.0,"8",.0,"8",.0,"8",.0,"8",0,"",0,"8","R",0,"9",0,"9",0,"8"
"353200270","M£AWA","2022","07","27",22.9,"",11.8,"",17.9,"",9.7,"",.0,"9","",0,"9",.0,"9",10.1,"",.0,"8",.0,"8",.0,"8",.0,"8",.0,"8",.0,"8",.0,"8",.0,"8",.0,"8",.0,"8",.0,"8",.0,"8",.0,"8",.0,"8",.0,"8",.0,"8",0,"",0,"8","R",0,"9",0,"9",0,"8"
"353200270","M£AWA","2022","07","28",24.0,"",7.6,"",16.2,"",6.2,"",.0,"9","",0,"9",.0,"9",4.6,"",.0,"8",.0,"8",.0,"8",.0,"8",.0,"8",.0,"8",.0,"8",.0,"8",.0,"8",.0,"8",.0,"8",.0,"8",.0,"8",.0,"8",.0,"8",.0,"8",0,"",0,"8","R",0,"9",0,"9",0,"8"
"353200270","M£AWA","2022","07","29",24.0,"",12.9,"",18.6,"",10.7,"",.0,"9","",0,"9",.0,"9",10.6,"",.0,"8",.0,"8",.0,"8",.0,"8",.0,"8",.0,"8",.0,"8",.0,"8",.0,"8",.0,"8",.0,"8",.0,"8",.0,"8",.0,"8",.0,"8",.0,"8",0,"",0,"8","R",0,"9",0,"9",0,"8"
"353200270","M£AWA","2022","07","30",22.9,"",12.9,"",18.7,"",12.3,"",16.5,"","W",0,"9",.0,"9",1.9,"",.0,"8",.0,"8",.0,"8",.0,"8",.0,"8",.0,"8",.0,"8",.0,"8",.0,"8",.0,"8",.0,"8",.0,"8",.0,"8",.0,"8",.0,"8",.0,"8",0,"",0,"8","R",0,"9",0,"9",0,"8"
"353200270","M£AWA","2022","07","31",21.6,"",14.1,"",14.6,"",13.7,"",11.4,"","W",0,"9",.0,"9",.0,"9",.0,"8",.0,"8",.0,"8",.0,"8",.0,"8",.0,"8",.0,"8",.0,"8",.0,"8",.0,"8",.0,"8",.0,"8",.0,"8",.0,"8",.0,"8",.0,"8",0,"",0,"8","R",0,"9",0,"9",0,"8"
"353200270","M£AWA","2022","08","01",25.1,"",10.2,"",18.3,"",8.6,"",.0,"9","",0,"9",.0,"9",8.1,"",.0,"8",.0,"8",.0,"8",.0,"8",.0,"8",.0,"8",.0,"8",.0,"8",.0,"8",.0,"8",.0,"8",.0,"8",.0,"8",.0,"8",.0,"8",.0,"8",0,"",0,"8","R",0,"9",0,"9",0,"8"
"353200270","M£AWA","2022","08","02",26.1,"",13.0,"",20.0,"",11.8,"",.0,"9","",0,"9",.0,"9",8.0,"",.0,"8",.0,"8",.0,"8",.0,"8",.0,"8",.0,"8",.0,"8",.0,"8",.0,"8",.0,"8",.0,"8",.0,"8",.0,"8",.0,"8",.0,"8",.0,"8",0,"",0,"8","R",0,"9",0,"9",0,"8"
"353200270","M£AWA","2022","08","03",28.4,"",13.2,"",21.8,"",12.5,"",.0,"9","",0,"9",.0,"9",12.3,"",.0,"8",.0,"8",.0,"8",.0,"8",.0,"8",.0,"8",.0,"8",.0,"8",.0,"8",.0,"8",.0,"8",.0,"8",.0,"8",.0,"8",.0,"8",.0,"8",0,"",0,"8","R",0,"9",0,"9",0,"8"
"353200270","M£AWA","2022","08","04",29.7,"",14.8,"",23.0,"",13.0,"",.0,"9","",0,"9",.0,"9",12.8,"",.0,"8",.0,"8",.0,"8",.0,"8",.0,"8",.0,"8",.0,"8",.0,"8",.0,"8",.0,"8",.0,"8",.0,"8",.0,"8",.0,"8",.0,"8",.0,"8",0,"",0,"8","R",0,"9",0,"9",0,"8"
"353200270","M£AWA","2022","08","05",30.7,"",17.0,"",24.5,"",15.2,"",.0,"","W",0,"9",.0,"9",14.1,"",.0,"8",.0,"8",.0,"8",.0,"8",.0,"8",.0,"8",.0,"8",.0,"8",.0,"8",.0,"8",.0,"8",.0,"8",.0,"8",.0,"8",.0,"8",.0,"8",0,"",0,"8","R",0,"9",0,"9",0,"8"
"353200270","M£AWA","2022","08","06",27.1,"",16.3,"",18.5,"",16.1,"",1.3,"","W",0,"9",.0,"9",2.9,"",.0,"8",.0,"8",.0,"8",.0,"8",.0,"8",.0,"8",.0,"8",.0,"8",.0,"8",.0,"8",.0,"8",.0,"8",.0,"8",.0,"8",.0,"8",.0,"8",0,"",0,"8","R",0,"9",0,"9",0,"8"
"353200270","M£AWA","2022","08","07",22.6,"",7.0,"",16.3,"",5.7,"",.0,"9","",0,"9",.0,"9",9.4,"",.0,"8",.0,"8",.0,"8",.0,"8",.0,"8",.0,"8",.0,"8",.0,"8",.0,"8",.0,"8",.0,"8",.0,"8",.0,"8",.0,"8",.0,"8",.0,"8",0,"",0,"8","R",0,"9",0,"9",0,"8"
"353200270","M£AWA","2022","08","08",22.3,"",13.1,"",18.6,"",12.1,"",.0,"9","",0,"9",.0,"9",5.6,"",.0,"8",.0,"8",.0,"8",.0,"8",.0,"8",.0,"8",.0,"8",.0,"8",.0,"8",.0,"8",.0,"8",.0,"8",.0,"8",.0,"8",.0,"8",.0,"8",0,"",0,"8","R",0,"9",0,"9",0,"8"
"353200270","M£AWA","2022","08","09",23.9,"",15.6,"",19.1,"",15.1,"",.0,"9","",0,"9",.0,"9",3.0,"",.0,"8",.0,"8",.0,"8",.0,"8",.0,"8",.0,"8",.0,"8",.0,"8",.0,"8",.0,"8",.0,"8",.0,"8",.0,"8",.0,"8",.0,"8",.0,"8",0,"",0,"8","R",0,"9",0,"9",0,"8"
"353200270","M£AWA","2022","08","10",24.8,"",12.0,"",18.8,"",9.8,"",.0,"9","",0,"9",.0,"9",11.3,"",.0,"8",.0,"8",.0,"8",.0,"8",.0,"8",.0,"8",.0,"8",.0,"8",.0,"8",.0,"8",.0,"8",.0,"8",.0,"8",.0,"8",.0,"8",.0,"8",0,"",0,"8","R",0,"9",0,"9",0,"8"
"353200270","M£AWA","2022","08","11",26.1,"",12.2,"",20.1,"",10.0,"",.0,"9","",0,"9",.0,"9",10.6,"",.0,"8",.0,"8",.0,"8",.0,"8",.0,"8",.0,"8",.0,"8",.0,"8",.0,"8",.0,"8",.0,"8",.0,"8",.0,"8",.0,"8",.0,"8",.0,"8",0,"",0,"8","R",0,"9",0,"9",0,"8"
"353200270","M£AWA","2022","08","12",28.2,"",16.8,"",22.8,"",15.9,"",.0,"","W",0,"9",.0,"9",8.5,"",.0,"8",.0,"8",.0,"8",.0,"8",.0,"8",.0,"8",.0,"8",.0,"8",.0,"8",.0,"8",.0,"8",.0,"8",.0,"8",.0,"8",.0,"8",.0,"8",0,"",0,"8","R",0,"9",0,"9",0,"8"
"353200270","M£AWA","2022","08","13",29.8,"",19.3,"",24.1,"",18.6,"",.0,"9","",0,"9",.0,"9",8.4,"",.0,"8",.0,"8",.0,"8",.0,"8",.0,"8",.0,"8",.0,"8",.0,"8",.0,"8",.0,"8",.0,"8",.0,"8",.0,"8",.0,"8",.0,"8",.0,"8",0,"",0,"8","R",0,"9",0,"9",0,"8"
"353200270","M£AWA","2022","08","14",29.1,"",18.8,"",21.6,"",17.8,"",13.1,"","W",0,"9",.0,"9",6.2,"",.0,"8",.0,"8",.0,"8",.0,"8",.0,"8",.0,"8",.0,"8",.0,"8",.0,"8",.0,"8",.0,"8",.0,"8",.0,"8",.0,"8",.0,"8",.0,"8",0,"",0,"8","R",0,"9",0,"9",0,"8"
"353200270","M£AWA","2022","08","15",28.3,"",18.2,"",23.1,"",17.4,"",.0,"","W",0,"9",.0,"9",6.9,"",.0,"8",.0,"8",.0,"8",.0,"8",.0,"8",.0,"8",.0,"8",.0,"8",.0,"8",.0,"8",.0,"8",.0,"8",.0,"8",.0,"8",.0,"8",.0,"8",0,"",0,"8","R",0,"9",0,"9",0,"8"
"353200270","M£AWA","2022","08","16",28.7,"",19.3,"",23.8,"",18.2,"",.0,"9","",0,"9",.0,"9",4.6,"",.0,"8",.0,"8",.0,"8",.0,"8",.0,"8",.0,"8",.0,"8",.0,"8",.0,"8",.0,"8",.0,"8",.0,"8",.0,"8",.0,"8",.0,"8",.0,"8",0,"",0,"8","R",0,"9",0,"9",0,"8"
"353200270","M£AWA","2022","08","17",29.3,"",18.3,"",23.7,"",17.2,"",.0,"9","",0,"9",.0,"9",8.6,"",.0,"8",.0,"8",.0,"8",.0,"8",.0,"8",.0,"8",.0,"8",.0,"8",.0,"8",.0,"8",.0,"8",.0,"8",.0,"8",.0,"8",.0,"8",.0,"8",0,"",0,"8","R",0,"9",0,"9",0,"8"
"353200270","M£AWA","2022","08","18",30.1,"",17.8,"",24.4,"",16.4,"",.0,"9","",0,"9",.0,"9",11.9,"",.0,"8",.0,"8",.0,"8",.0,"8",.0,"8",.0,"8",.0,"8",.0,"8",.0,"8",.0,"8",.0,"8",.0,"8",.0,"8",.0,"8",.0,"8",.0,"8",0,"",0,"8","R",0,"9",0,"9",0,"8"
"353200270","M£AWA","2022","08","19",31.8,"",19.6,"",25.9,"",18.6,"",17.3,"","W",0,"9",.0,"9",10.8,"",.0,"8",.0,"8",.0,"8",.0,"8",.0,"8",.0,"8",.0,"8",.0,"8",.0,"8",.0,"8",.0,"8",.0,"8",.0,"8",.0,"8",.0,"8",.0,"8",0,"",0,"8","R",0,"9",0,"9",0,"8"
"353200270","M£AWA","2022","08","20",29.2,"",19.8,"",23.8,"",18.9,"",.0,"","W",0,"9",.0,"9",4.8,"",.0,"8",.0,"8",.0,"8",.0,"8",.0,"8",.0,"8",.0,"8",.0,"8",.0,"8",.0,"8",.0,"8",.0,"8",.0,"8",.0,"8",.0,"8",.0,"8",0,"",0,"8","R",0,"9",0,"9",0,"8"
"353200270","M£AWA","2022","08","21",26.9,"",18.9,"",22.5,"",18.7,"",.0,"","W",0,"9",.0,"9",3.2,"",.0,"8",.0,"8",.0,"8",.0,"8",.0,"8",.0,"8",.0,"8",.0,"8",.0,"8",.0,"8",.0,"8",.0,"8",.0,"8",.0,"8",.0,"8",.0,"8",0,"",0,"8","R",0,"9",0,"9",0,"8"
"353200270","M£AWA","2022","08","22",24.9,"",17.8,"",20.9,"",17.9,"",.0,"9","",0,"9",.0,"9",1.6,"",.0,"8",.0,"8",.0,"8",.0,"8",.0,"8",.0,"8",.0,"8",.0,"8",.0,"8",.0,"8",.0,"8",.0,"8",.0,"8",.0,"8",.0,"8",.0,"8",0,"",0,"8","R",0,"9",0,"9",0,"8"
"353200270","M£AWA","2022","08","23",29.0,"",18.2,"",21.7,"",17.7,"",4.6,"","W",0,"9",.0,"9",4.3,"",.0,"8",.0,"8",.0,"8",.0,"8",.0,"8",.0,"8",.0,"8",.0,"8",.0,"8",.0,"8",.0,"8",.0,"8",.0,"8",.0,"8",.0,"8",.0,"8",0,"",0,"8","R",0,"9",0,"9",0,"8"
"353200270","M£AWA","2022","08","24",29.3,"",18.1,"",23.6,"",17.6,"",.0,"9","",0,"9",.0,"9",8.7,"",.0,"8",.0,"8",.0,"8",.0,"8",.0,"8",.0,"8",.0,"8",.0,"8",.0,"8",.0,"8",.0,"8",.0,"8",.0,"8",.0,"8",.0,"8",.0,"8",0,"",0,"8","R",0,"9",0,"9",0,"8"
"353200270","M£AWA","2022","08","25",31.1,"",20.0,"",24.2,"",19.5,"",.0,"9","",0,"9",.0,"9",4.1,"",.0,"8",.0,"8",.0,"8",.0,"8",.0,"8",.0,"8",.0,"8",.0,"8",.0,"8",.0,"8",.0,"8",.0,"8",.0,"8",.0,"8",.0,"8",.0,"8",0,"",0,"8","R",0,"9",0,"9",0,"8"
"353200270","M£AWA","2022","08","26",30.9,"",18.1,"",24.0,"",16.1,"",.0,"9","",0,"9",.0,"9",8.5,"",.0,"8",.0,"8",.0,"8",.0,"8",.0,"8",.0,"8",.0,"8",.0,"8",.0,"8",.0,"8",.0,"8",.0,"8",.0,"8",.0,"8",.0,"8",.0,"8",0,"",0,"8","R",0,"9",0,"9",0,"8"
"353200270","M£AWA","2022","08","27",31.6,"",17.6,"",24.2,"",16.9,"",.0,"9","",0,"9",.0,"9",11.5,"",.0,"8",.0,"8",.0,"8",.0,"8",.0,"8",.0,"8",.0,"8",.0,"8",.0,"8",.0,"8",.0,"8",.0,"8",.0,"8",.0,"8",.0,"8",.0,"8",0,"",0,"8","R",0,"9",0,"9",0,"8"
"353200270","M£AWA","2022","08","28",31.1,"",16.1,"",23.7,"",15.1,"",3.9,"","W",0,"9",.0,"9",10.0,"",.0,"8",.0,"8",.0,"8",.0,"8",.0,"8",.0,"8",.0,"8",.0,"8",.0,"8",.0,"8",.0,"8",.0,"8",.0,"8",.0,"8",.0,"8",.0,"8",0,"",0,"8","R",0,"9",0,"9",0,"8"
"353200270","M£AWA","2022","08","29",24.2,"",17.5,"",18.9,"",17.0,"",.0,"","W",0,"9",.0,"9",4.4,"",.0,"8",.0,"8",.0,"8",.0,"8",.0,"8",.0,"8",.0,"8",.0,"8",.0,"8",.0,"8",.0,"8",.0,"8",.0,"8",.0,"8",.0,"8",.0,"8",0,"",0,"8","R",0,"9",0,"9",0,"8"
"353200270","M£AWA","2022","08","30",19.4,"",14.5,"",16.2,"",13.0,"",.2,"","W",0,"9",.0,"9",.2,"",.0,"8",.0,"8",.0,"8",.0,"8",.0,"8",.0,"8",.0,"8",.0,"8",.0,"8",.0,"8",.0,"8",.0,"8",.0,"8",.0,"8",.0,"8",.0,"8",0,"",0,"8","R",0,"9",0,"9",0,"8"
"353200270","M£AWA","2022","08","31",20.9,"",10.7,"",14.9,"",8.8,"",2.0,"","W",0,"9",.0,"9",6.8,"",.0,"8",.0,"8",.0,"8",.0,"8",.0,"8",.0,"8",.0,"8",.0,"8",.0,"8",.0,"8",.0,"8",.0,"8",.0,"8",.0,"8",.0,"8",.0,"8",0,"",0,"8","R",0,"9",0,"9",0,"8"
"353200270","M£AWA","2022","09","01",19.4,"",6.9,"",12.9,"",5.6,"",.1,"","W",0,"9",.0,"9",7.8,"",.0,"8",.0,"8",.0,"8",.0,"8",.0,"8",.0,"8",.0,"8",.0,"8",.0,"8",.0,"8",.0,"8",.0,"8",.0,"8",.0,"8",.0,"8",.0,"8",0,"",0,"8","R",0,"9",0,"9",0,"8"
"353200270","M£AWA","2022","09","02",19.3,"",4.6,"",12.9,"",3.4,"",.0,"9","",0,"9",.0,"9",5.8,"",.0,"8",.0,"8",.0,"8",.0,"8",.0,"8",.0,"8",.0,"8",.0,"8",.0,"8",.0,"8",.0,"8",.0,"8",.0,"8",.0,"8",.0,"8",.0,"8",0,"",0,"8","R",0,"9",0,"9",0,"8"
"353200270","M£AWA","2022","09","03",20.4,"",8.6,"",14.7,"",8.0,"",.0,"9","",0,"9",.0,"9",11.7,"",.0,"8",.0,"8",.0,"8",.0,"8",.0,"8",.0,"8",.0,"8",.0,"8",.0,"8",.0,"8",.0,"8",.0,"8",.0,"8",.0,"8",.0,"8",.0,"8",0,"",0,"8","R",0,"9",0,"9",0,"8"
"353200270","M£AWA","2022","09","04",20.8,"",10.3,"",14.8,"",9.8,"",.0,"9","",0,"9",.0,"9",10.2,"",.0,"8",.0,"8",.0,"8",.0,"8",.0,"8",.0,"8",.0,"8",.0,"8",.0,"8",.0,"8",.0,"8",.0,"8",.0,"8",.0,"8",.0,"8",.0,"8",0,"",0,"8","R",0,"9",0,"9",0,"8"
"353200270","M£AWA","2022","09","05",19.9,"",5.5,"",13.7,"",3.4,"",.0,"9","",0,"9",.0,"9",11.1,"",.0,"8",.0,"8",.0,"8",.0,"8",.0,"8",.0,"8",.0,"8",.0,"8",.0,"8",.0,"8",.0,"8",.0,"8",.0,"8",.0,"8",.0,"8",.0,"8",0,"",0,"8","R",0,"9",0,"9",0,"8"
"353200270","M£AWA","2022","09","06",19.2,"",5.6,"",12.6,"",3.3,"",.0,"9","",0,"9",.0,"9",11.5,"",.0,"8",.0,"8",.0,"8",.0,"8",.0,"8",.0,"8",.0,"8",.0,"8",.0,"8",.0,"8",.0,"8",.0,"8",.0,"8",.0,"8",.0,"8",.0,"8",0,"",0,"8","R",0,"9",0,"9",0,"8"
"353200270","M£AWA","2022","09","07",20.2,"",4.7,"",13.3,"",2.2,"",.0,"9","",0,"9",.0,"9",11.7,"",.0,"8",.0,"8",.0,"8",.0,"8",.0,"8",.0,"8",.0,"8",.0,"8",.0,"8",.0,"8",.0,"8",.0,"8",.0,"8",.0,"8",.0,"8",.0,"8",0,"",0,"8","R",0,"9",0,"9",0,"8"
"353200270","M£AWA","2022","09","08",21.4,"",7.0,"",15.0,"",6.2,"",6.3,"","W",0,"9",.0,"9",10.1,"",.0,"8",.0,"8",.0,"8",.0,"8",.0,"8",.0,"8",.0,"8",.0,"8",.0,"8",.0,"8",.0,"8",.0,"8",.0,"8",.0,"8",.0,"8",.0,"8",0,"",0,"8","R",0,"9",0,"9",0,"8"
"353200270","M£AWA","2022","09","09",17.2,"",10.5,"",11.9,"",10.7,"",3.1,"","W",0,"9",.0,"9",.0,"9",.0,"8",.0,"8",.0,"8",.0,"8",.0,"8",.0,"8",.0,"8",.0,"8",.0,"8",.0,"8",.0,"8",.0,"8",.0,"8",.0,"8",.0,"8",.0,"8",0,"",0,"8","R",0,"9",0,"9",0,"8"
"353200270","M£AWA","2022","09","10",12.7,"",10.8,"",11.5,"",10.9,"",.3,"","W",0,"9",.0,"9",.0,"9",.0,"8",.0,"8",.0,"8",.0,"8",.0,"8",.0,"8",.0,"8",.0,"8",.0,"8",.0,"8",.0,"8",.0,"8",.0,"8",.0,"8",.0,"8",.0,"8",0,"",0,"8","R",0,"9",0,"9",0,"8"
"353200270","M£AWA","2022","09","11",16.7,"",10.5,"",12.5,"",10.5,"",.3,"","W",0,"9",.0,"9",2.6,"",.0,"8",.0,"8",.0,"8",.0,"8",.0,"8",.0,"8",.0,"8",.0,"8",.0,"8",.0,"8",.0,"8",.0,"8",.0,"8",.0,"8",.0,"8",.0,"8",0,"",0,"8","R",0,"9",0,"9",0,"8"
"353200270","M£AWA","2022","09","12",16.9,"",7.8,"",11.5,"",7.1,"",.0,"9","",0,"9",.0,"9",.8,"",.0,"8",.0,"8",.0,"8",.0,"8",.0,"8",.0,"8",.0,"8",.0,"8",.0,"8",.0,"8",.0,"8",.0,"8",.0,"8",.0,"8",.0,"8",.0,"8",0,"",0,"8","R",0,"9",0,"9",0,"8"
"353200270","M£AWA","2022","09","13",17.5,"",2.8,"",11.7,"",1.7,"",.5,"","W",0,"9",.0,"9",3.8,"",.0,"8",.0,"8",.0,"8",.0,"8",.0,"8",.0,"8",.0,"8",.0,"8",.0,"8",.0,"8",.0,"8",.0,"8",.0,"8",.0,"8",.0,"8",.0,"8",0,"",0,"8","R",0,"9",0,"9",0,"8"
"353200270","M£AWA","2022","09","14",18.9,"",11.9,"",14.4,"",10.7,"",.0,"9","",0,"9",.0,"9",1.9,"",.0,"8",.0,"8",.0,"8",.0,"8",.0,"8",.0,"8",.0,"8",.0,"8",.0,"8",.0,"8",.0,"8",.0,"8",.0,"8",.0,"8",.0,"8",.0,"8",0,"",0,"8","R",0,"9",0,"9",0,"8"
"353200270","M£AWA","2022","09","15",19.8,"",8.8,"",13.5,"",7.1,"",.0,"9","",0,"9",.0,"9",3.4,"",.0,"8",.0,"8",.0,"8",.0,"8",.0,"8",.0,"8",.0,"8",.0,"8",.0,"8",.0,"8",.0,"8",.0,"8",.0,"8",.0,"8",.0,"8",.0,"8",0,"",0,"8","R",0,"9",0,"9",0,"8"
"353200270","M£AWA","2022","09","16",16.9,"",7.7,"",11.9,"",5.7,"",.0,"9","",0,"9",.0,"9",6.6,"",.0,"8",.0,"8",.0,"8",.0,"8",.0,"8",.0,"8",.0,"8",.0,"8",.0,"8",.0,"8",.0,"8",.0,"8",.0,"8",.0,"8",.0,"8",.0,"8",0,"",0,"8","R",0,"9",0,"9",0,"8"
"353200270","M£AWA","2022","09","17",14.8,"",6.6,"",10.2,"",5.8,"",10.0,"","W",0,"9",.0,"9",2.9,"",.0,"8",.0,"8",.0,"8",.0,"8",.0,"8",.0,"8",.0,"8",.0,"8",.0,"8",.0,"8",.0,"8",.0,"8",.0,"8",.0,"8",.0,"8",.0,"8",0,"",0,"8","R",0,"9",0,"9",0,"8"
"353200270","M£AWA","2022","09","18",13.2,"",6.4,"",10.0,"",6.2,"",3.1,"","W",0,"9",.0,"9",.0,"9",.0,"8",.0,"8",.0,"8",.0,"8",.0,"8",.0,"8",.0,"8",.0,"8",.0,"8",.0,"8",.0,"8",.0,"8",.0,"8",.0,"8",.0,"8",.0,"8",0,"",0,"8","R",0,"9",0,"9",0,"8"
"353200270","M£AWA","2022","09","19",11.1,"",8.6,"",9.2,"",8.6,"",1.7,"","W",0,"9",.0,"9",.0,"9",.0,"8",.0,"8",.0,"8",.0,"8",.0,"8",.0,"8",.0,"8",.0,"8",.0,"8",.0,"8",.0,"8",.0,"8",.0,"8",.0,"8",.0,"8",.0,"8",0,"",0,"8","R",0,"9",0,"9",0,"8"
"353200270","M£AWA","2022","09","20",16.1,"",5.1,"",9.9,"",3.6,"",.0,"","W",0,"9",.0,"9",1.8,"",.0,"8",.0,"8",.0,"8",.0,"8",.0,"8",.0,"8",.0,"8",.0,"8",.0,"8",.0,"8",.0,"8",.0,"8",.0,"8",.0,"8",.0,"8",.0,"8",0,"",0,"8","R",0,"9",0,"9",0,"8"
"353200270","M£AWA","2022","09","21",15.5,"",8.0,"",10.8,"",7.1,"",.4,"","W",0,"9",.0,"9",3.5,"",.0,"8",.0,"8",.0,"8",.0,"8",.0,"8",.0,"8",.0,"8",.0,"8",.0,"8",.0,"8",.0,"8",.0,"8",.0,"8",.0,"8",.0,"8",.0,"8",0,"",0,"8","R",0,"9",0,"9",0,"8"
"353200270","M£AWA","2022","09","22",13.7,"",7.4,"",9.8,"",6.9,"",.2,"","W",0,"9",.0,"9",1.8,"",.0,"8",.0,"8",.0,"8",.0,"8",.0,"8",.0,"8",.0,"8",.0,"8",.0,"8",.0,"8",.0,"8",.0,"8",.0,"8",.0,"8",.0,"8",.0,"8",0,"",0,"8","R",0,"9",0,"9",0,"8"
"353200270","M£AWA","2022","09","23",14.8,"",2.0,"",8.6,"",1.4,"",.0,"9","",0,"9",.0,"9",6.0,"",.0,"8",.0,"8",.0,"8",.0,"8",.0,"8",.0,"8",.0,"8",.0,"8",.0,"8",.0,"8",.0,"8",.0,"8",.0,"8",.0,"8",.0,"8",.0,"8",0,"",0,"8","R",0,"9",0,"9",0,"8"
"353200270","M£AWA","2022","09","24",15.9,"",3.8,"",9.8,"",2.9,"",.0,"9","",0,"9",.0,"9",5.6,"",.0,"8",.0,"8",.0,"8",.0,"8",.0,"8",.0,"8",.0,"8",.0,"8",.0,"8",.0,"8",.0,"8",.0,"8",.0,"8",.0,"8",.0,"8",.0,"8",0,"",0,"8","R",0,"9",0,"9",0,"8"
"353200270","M£AWA","2022","09","25",17.0,"",7.2,"",11.7,"",6.1,"",.0,"","W",0,"9",.0,"9",1.0,"",.0,"8",.0,"8",.0,"8",.0,"8",.0,"8",.0,"8",.0,"8",.0,"8",.0,"8",.0,"8",.0,"8",.0,"8",.0,"8",.0,"8",.0,"8",.0,"8",0,"",0,"8","R",0,"9",0,"9",0,"8"
"353200270","M£AWA","2022","09","26",18.9,"",4.8,"",12.6,"",3.2,"",.1,"","W",0,"9",.0,"9",7.1,"",.0,"8",.0,"8",.0,"8",.0,"8",.0,"8",.0,"8",.0,"8",.0,"8",.0,"8",.0,"8",.0,"8",.0,"8",.0,"8",.0,"8",.0,"8",.0,"8",0,"",0,"8","R",0,"9",0,"9",0,"8"
"353200270","M£AWA","2022","09","27",15.8,"",9.6,"",12.0,"",8.3,"",18.5,"","W",0,"9",.0,"9",.7,"",.0,"8",.0,"8",.0,"8",.0,"8",.0,"8",.0,"8",.0,"8",.0,"8",.0,"8",.0,"8",.0,"8",.0,"8",.0,"8",.0,"8",.0,"8",.0,"8",0,"",0,"8","R",0,"9",0,"9",0,"8"
"353200270","M£AWA","2022","09","28",13.6,"",9.5,"",10.7,"",9.0,"",1.3,"","W",0,"9",.0,"9",4.0,"",.0,"8",.0,"8",.0,"8",.0,"8",.0,"8",.0,"8",.0,"8",.0,"8",.0,"8",.0,"8",.0,"8",.0,"8",.0,"8",.0,"8",.0,"8",.0,"8",0,"",0,"8","R",0,"9",0,"9",0,"8"
"353200270","M£AWA","2022","09","29",11.5,"",8.0,"",8.7,"",6.8,"",.0,"","W",0,"9",.0,"9",.5,"",.0,"8",.0,"8",.0,"8",.0,"8",.0,"8",.0,"8",.0,"8",.0,"8",.0,"8",.0,"8",.0,"8",.0,"8",.0,"8",.0,"8",.0,"8",.0,"8",0,"",0,"8","R",0,"9",0,"9",0,"8"
"353200270","M£AWA","2022","09","30",14.0,"",1.2,"",7.9,"",.4,"",.1,"","W",0,"9",.0,"9",3.5,"",.0,"8",.0,"8",.0,"8",.0,"8",.0,"8",.0,"8",.0,"8",.0,"8",.0,"8",.0,"8",.0,"8",.0,"8",.0,"8",.0,"8",.0,"8",.0,"8",0,"",0,"8","R",0,"9",0,"9",0,"8"
"353200270","M£AWA","2022","10","01",15.5,"",4.7,"",10.5,"",2.8,"",4.5,"","W",0,"9",.0,"9",6.9,"",.0,"8",.0,"8",.0,"8",.0,"8",.0,"8",.0,"8",.0,"8",.0,"8",.0,"8",.0,"8",.0,"8",.0,"8",.0,"8",.0,"8",.0,"8",.0,"8",0,"",0,"8","R",0,"9",0,"9",0,"8"
"353200270","M£AWA","2022","10","02",14.3,"",8.7,"",11.0,"",7.1,"",8.5,"","W",0,"9",.0,"9",1.6,"",.0,"8",.0,"8",.0,"8",.0,"8",.0,"8",.0,"8",.0,"8",.0,"8",.0,"8",.0,"8",.0,"8",.0,"8",.0,"8",.0,"8",.0,"8",.0,"8",0,"",0,"8","R",0,"9",0,"9",0,"8"
"353200270","M£AWA","2022","10","03",13.8,"",8.2,"",10.6,"",7.4,"",3.6,"","W",0,"9",.0,"9",5.4,"",.0,"8",.0,"8",.0,"8",.0,"8",.0,"8",.0,"8",.0,"8",.0,"8",.0,"8",.0,"8",.0,"8",.0,"8",.0,"8",.0,"8",.0,"8",.0,"8",0,"",0,"8","R",0,"9",0,"9",0,"8"
"353200270","M£AWA","2022","10","04",14.6,"",8.2,"",10.1,"",5.7,"",.0,"9","",0,"9",.0,"9",3.1,"",.0,"8",.0,"8",.0,"8",.0,"8",.0,"8",.0,"8",.0,"8",.0,"8",.0,"8",.0,"8",.0,"8",.0,"8",.0,"8",.0,"8",.0,"8",.0,"8",0,"",0,"8","R",0,"9",0,"9",0,"8"
"353200270","M£AWA","2022","10","05",16.0,"",5.1,"",11.4,"",2.9,"",.0,"9","",0,"9",.0,"9",.9,"",.0,"8",.0,"8",.0,"8",.0,"8",.0,"8",.0,"8",.0,"8",.0,"8",.0,"8",.0,"8",.0,"8",.0,"8",.0,"8",.0,"8",.0,"8",.0,"8",0,"",0,"8","R",0,"9",0,"9",0,"8"
"353200270","M£AWA","2022","10","06",18.6,"",8.3,"",12.1,"",5.8,"",.0,"9","",0,"9",.0,"9",5.7,"",.0,"8",.0,"8",.0,"8",.0,"8",.0,"8",.0,"8",.0,"8",.0,"8",.0,"8",.0,"8",.0,"8",.0,"8",.0,"8",.0,"8",.0,"8",.0,"8",0,"",0,"8","R",0,"9",0,"9",0,"8"
"353200270","M£AWA","2022","10","07",17.1,"",3.2,"",10.5,"",.1,"",.0,"9","",0,"9",.0,"9",10.5,"",.0,"8",.0,"8",.0,"8",.0,"8",.0,"8",.0,"8",.0,"8",.0,"8",.0,"8",.0,"8",.0,"8",.0,"8",.0,"8",.0,"8",.0,"8",.0,"8",0,"",0,"8","R",0,"9",0,"9",0,"8"
"353200270","M£AWA","2022","10","08",19.2,"",10.4,"",14.0,"",7.6,"",.9,"","W",0,"9",.0,"9",3.9,"",.0,"8",.0,"8",.0,"8",.0,"8",.0,"8",.0,"8",.0,"8",.0,"8",.0,"8",.0,"8",.0,"8",.0,"8",.0,"8",.0,"8",.0,"8",.0,"8",0,"",0,"8","R",0,"9",0,"9",0,"8"
"353200270","M£AWA","2022","10","09",13.7,"",7.1,"",9.2,"",4.2,"",.0,"9","",0,"9",.0,"9",2.2,"",.0,"8",.0,"8",.0,"8",.0,"8",.0,"8",.0,"8",.0,"8",.0,"8",.0,"8",.0,"8",.0,"8",.0,"8",.0,"8",.0,"8",.0,"8",.0,"8",0,"",0,"8","R",0,"9",0,"9",0,"8"
"353200270","M£AWA","2022","10","10",14.7,"",.8,"",8.3,"",-1.4,"",.0,"9","",0,"9",.0,"9",10.0,"",.0,"8",.0,"8",.0,"8",.0,"8",.0,"8",.0,"8",.0,"8",.0,"8",.0,"8",.0,"8",.0,"8",.0,"8",.0,"8",.0,"8",.0,"8",.0,"8",0,"",0,"8","R",0,"9",0,"9",0,"8"
"353200270","M£AWA","2022","10","11",14.7,"",7.1,"",9.2,"",3.7,"",.0,"9","",0,"9",.0,"9",4.0,"",.0,"8",.0,"8",.0,"8",.0,"8",.0,"8",.0,"8",.0,"8",.0,"8",.0,"8",.0,"8",.0,"8",.0,"8",.0,"8",.0,"8",.0,"8",.0,"8",0,"",0,"8","R",0,"9",0,"9",0,"8"
"353200270","M£AWA","2022","10","12",14.1,"",.6,"",6.8,"",-1.7,"",.0,"9","",0,"9",.0,"9",5.0,"",.0,"8",.0,"8",.0,"8",.0,"8",.0,"8",.0,"8",.0,"8",.0,"8",.0,"8",.0,"8",.0,"8",.0,"8",.0,"8",.0,"8",.0,"8",.0,"8",0,"",0,"8","R",0,"9",0,"9",0,"8"
"353200270","M£AWA","2022","10","13",14.9,"",2.8,"",9.1,"",.5,"",.0,"9","",0,"9",.0,"9",8.5,"",.0,"8",.0,"8",.0,"8",.0,"8",.0,"8",.0,"8",.0,"8",.0,"8",.0,"8",.0,"8",.0,"8",.0,"8",.0,"8",.0,"8",.0,"8",.0,"8",0,"",0,"8","R",0,"9",0,"9",0,"8"
"353200270","M£AWA","2022","10","14",15.9,"",4.8,"",9.5,"",3.6,"",.0,"9","",0,"9",.0,"9",4.9,"",.0,"8",.0,"8",.0,"8",.0,"8",.0,"8",.0,"8",.0,"8",.0,"8",.0,"8",.0,"8",.0,"8",.0,"8",.0,"8",.0,"8",.0,"8",.0,"8",0,"",0,"8","R",0,"9",0,"9",0,"8"
"353200270","M£AWA","2022","10","15",17.5,"",7.8,"",12.3,"",5.6,"",1.4,"","W",0,"9",.0,"9",1.7,"",.0,"8",.0,"8",.0,"8",.0,"8",.0,"8",.0,"8",.0,"8",.0,"8",.0,"8",.0,"8",.0,"8",.0,"8",.0,"8",.0,"8",.0,"8",.0,"8",0,"",0,"8","R",0,"9",0,"9",0,"8"
"353200270","M£AWA","2022","10","16",17.6,"",12.1,"",14.3,"",10.7,"",.1,"","W",0,"9",.0,"9",.7,"",.0,"8",.0,"8",.0,"8",.0,"8",.0,"8",.0,"8",.0,"8",.0,"8",.0,"8",.0,"8",.0,"8",.0,"8",.0,"8",.0,"8",.0,"8",.0,"8",0,"",0,"8","R",0,"9",0,"9",0,"8"
"353200270","M£AWA","2022","10","17",20.7,"",9.2,"",14.7,"",7.3,"",.0,"9","",0,"9",.0,"9",6.3,"",.0,"8",.0,"8",.0,"8",.0,"8",.0,"8",.0,"8",.0,"8",.0,"8",.0,"8",.0,"8",.0,"8",.0,"8",.0,"8",.0,"8",.0,"8",.0,"8",0,"",0,"8","R",0,"9",0,"9",0,"8"
"353200270","M£AWA","2022","10","18",15.9,"",10.1,"",12.7,"",7.2,"",8.0,"","W",0,"9",.0,"9",.4,"",.0,"8",.0,"8",.0,"8",.0,"8",.0,"8",.0,"8",.0,"8",.0,"8",.0,"8",.0,"8",.0,"8",.0,"8",.0,"8",.0,"8",.0,"8",.0,"8",0,"",0,"8","R",0,"9",0,"9",0,"8"
"353200270","M£AWA","2022","10","19",12.7,"",6.3,"",8.6,"",5.5,"",.6,"","W",0,"9",.0,"9",3.2,"",.0,"8",.0,"8",.0,"8",.0,"8",.0,"8",.0,"8",.0,"8",.0,"8",.0,"8",.0,"8",.0,"8",.0,"8",.0,"8",.0,"8",.0,"8",.0,"8",0,"",0,"8","R",0,"9",0,"9",0,"8"
"353200270","M£AWA","2022","10","20",10.8,"",.9,"",5.0,"",-1.1,"",.0,"9","",0,"9",.0,"9",2.4,"",.0,"8",.0,"8",.0,"8",.0,"8",.0,"8",.0,"8",.0,"8",.0,"8",.0,"8",.0,"8",.0,"8",.0,"8",.0,"8",.0,"8",.0,"8",.0,"8",0,"",0,"8","R",0,"9",0,"9",0,"8"
"353200270","M£AWA","2022","10","21",8.7,"",1.8,"",5.5,"",-.2,"",1.8,"","W",0,"9",.0,"9",.1,"",.0,"8",.0,"8",.0,"8",.0,"8",.0,"8",.0,"8",.0,"8",.0,"8",.0,"8",.0,"8",.0,"8",.0,"8",.0,"8",.0,"8",.0,"8",.0,"8",0,"",0,"8","R",0,"9",0,"9",0,"8"
"353200270","M£AWA","2022","10","22",12.0,"",6.9,"",10.0,"",6.3,"",.9,"","W",0,"9",.0,"9",.0,"9",.0,"8",.0,"8",.0,"8",.0,"8",.0,"8",.0,"8",.0,"8",.0,"8",.0,"8",.0,"8",.0,"8",.0,"8",.0,"8",.0,"8",.0,"8",.0,"8",0,"",0,"8","R",0,"9",0,"9",0,"8"
"353200270","M£AWA","2022","10","23",13.6,"",10.7,"",12.2,"",7.9,"",.7,"","W",0,"9",.0,"9",.0,"9",.0,"8",.0,"8",.0,"8",.0,"8",.0,"8",.0,"8",.0,"8",.0,"8",.0,"8",.0,"8",.0,"8",.0,"8",.0,"8",.0,"8",.0,"8",.0,"8",0,"",0,"8","R",0,"9",0,"9",0,"8"
"353200270","M£AWA","2022","10","24",13.9,"",9.0,"",11.3,"",8.7,"",6.4,"","W",0,"9",.0,"9",.0,"9",.0,"8",.0,"8",.0,"8",.0,"8",.0,"8",.0,"8",.0,"8",.0,"8",.0,"8",.0,"8",.0,"8",.0,"8",.0,"8",.0,"8",.0,"8",.0,"8",0,"",0,"8","R",0,"9",0,"9",0,"8"
"353200270","M£AWA","2022","10","25",14.8,"",10.2,"",12.7,"",7.4,"",3.1,"","W",0,"9",.0,"9",.2,"",.0,"8",.0,"8",.0,"8",.0,"8",.0,"8",.0,"8",.0,"8",.0,"8",.0,"8",.0,"8",.0,"8",.0,"8",.0,"8",.0,"8",.0,"8",.0,"8",0,"",0,"8","R",0,"9",0,"9",0,"8"
"353200270","M£AWA","2022","10","26",12.4,"",9.9,"",10.7,"",9.7,"",.0,"9","",0,"9",.0,"9",.1,"",.0,"8",.0,"8",.0,"8",.0,"8",.0,"8",.0,"8",.0,"8",.0,"8",.0,"8",.0,"8",.0,"8",.0,"8",.0,"8",.0,"8",.0,"8",.0,"8",0,"",0,"8","R",0,"9",0,"9",0,"8"
"353200270","M£AWA","2022","10","27",16.1,"",5.9,"",9.5,"",4.2,"",.2,"","W",0,"9",.0,"9",5.1,"",.0,"8",.0,"8",.0,"8",.0,"8",.0,"8",.0,"8",.0,"8",.0,"8",.0,"8",.0,"8",.0,"8",.0,"8",.0,"8",.0,"8",.0,"8",.0,"8",0,"",0,"8","R",0,"9",0,"9",0,"8"
"353200270","M£AWA","2022","10","28",16.8,"",8.4,"",11.9,"",6.6,"",.1,"","W",0,"9",.0,"9",.8,"",.0,"8",.0,"8",.0,"8",.0,"8",.0,"8",.0,"8",.0,"8",.0,"8",.0,"8",.0,"8",.0,"8",.0,"8",.0,"8",.0,"8",.0,"8",.0,"8",0,"",0,"8","R",0,"9",0,"9",0,"8"
"353200270","M£AWA","2022","10","29",16.4,"",11.2,"",12.8,"",9.0,"",.0,"9","",0,"9",.0,"9",1.8,"",.0,"8",.0,"8",.0,"8",.0,"8",.0,"8",.0,"8",.0,"8",.0,"8",.0,"8",.0,"8",.0,"8",.0,"8",.0,"8",.0,"8",.0,"8",.0,"8",0,"",0,"8","R",0,"9",0,"9",0,"8"
"353200270","M£AWA","2022","10","30",14.5,"",8.5,"",10.6,"",6.2,"",.0,"","W",0,"9",.0,"9",2.2,"",.0,"8",.0,"8",.0,"8",.0,"8",.0,"8",.0,"8",.0,"8",.0,"8",.0,"8",.0,"8",.0,"8",.0,"8",.0,"8",.0,"8",.0,"8",.0,"8",0,"",0,"8","R",0,"9",0,"9",0,"8"
"353200270","M£AWA","2022","10","31",14.0,"",5.0,"",8.9,"",3.3,"",.2,"","W",0,"9",.0,"9",5.9,"",.0,"8",.0,"8",.0,"8",.0,"8",.0,"8",.0,"8",.0,"8",.0,"8",.0,"8",.0,"8",.0,"8",.0,"8",.0,"8",.0,"8",.0,"8",.0,"8",0,"",0,"8","R",0,"9",0,"9",0,"8"
"353200270","M£AWA","2022","11","01",11.2,"",9.6,"",10.4,"",9.6,"",.8,"","W",0,"9",.0,"9",.0,"9",.0,"8",.0,"8",.0,"8",.0,"8",.0,"8",.0,"8",.0,"8",.0,"8",.0,"8",.0,"8",.0,"8",.0,"8",.0,"8",.0,"8",.0,"8",.0,"8",0,"",0,"8","R",0,"9",0,"9",0,"8"
"353200270","M£AWA","2022","11","02",13.0,"",8.5,"",10.9,"",5.8,"",.2,"","W",0,"9",.0,"9",.7,"",.0,"8",.0,"8",.0,"8",.0,"8",.0,"8",.0,"8",.0,"8",.0,"8",.0,"8",.0,"8",.0,"8",.0,"8",.0,"8",.0,"8",.0,"8",.0,"8",0,"",0,"8","R",0,"9",0,"9",0,"8"
"353200270","M£AWA","2022","11","03",12.1,"",3.1,"",7.4,"",.5,"",.0,"9","",0,"9",.0,"9",8.1,"",.0,"8",.0,"8",.0,"8",.0,"8",.0,"8",.0,"8",.0,"8",.0,"8",.0,"8",.0,"8",.0,"8",.0,"8",.0,"8",.0,"8",.0,"8",.0,"8",0,"",0,"8","R",0,"9",0,"9",0,"8"
"353200270","M£AWA","2022","11","04",10.9,"",4.9,"",7.8,"",2.5,"",2.2,"","W",0,"9",.0,"9",1.0,"",.0,"8",.0,"8",.0,"8",.0,"8",.0,"8",.0,"8",.0,"8",.0,"8",.0,"8",.0,"8",.0,"8",.0,"8",.0,"8",.0,"8",.0,"8",.0,"8",0,"",0,"8","R",0,"9",0,"9",0,"8"
"353200270","M£AWA","2022","11","05",9.3,"",6.9,"",7.9,"",6.5,"",.1,"","W",0,"9",.0,"9",.0,"9",.0,"8",.0,"8",.0,"8",.0,"8",.0,"8",.0,"8",.0,"8",.0,"8",.0,"8",.0,"8",.0,"8",.0,"8",.0,"8",.0,"8",.0,"8",.0,"8",0,"",0,"8","R",0,"9",0,"9",0,"8"
"353200270","M£AWA","2022","11","06",10.5,"",.1,"",4.5,"",-.7,"",.0,"9","",0,"9",.0,"9",3.5,"",.0,"8",.0,"8",.0,"8",.0,"8",.0,"8",.0,"8",.0,"8",.0,"8",.0,"8",.0,"8",.0,"8",.0,"8",.0,"8",.0,"8",.0,"8",.0,"8",0,"",0,"8","R",0,"9",0,"9",0,"8"
"353200270","M£AWA","2022","11","07",9.9,"",2.0,"",6.7,"",-.9,"",.0,"9","",0,"9",.0,"9",1.7,"",.0,"8",.0,"8",.0,"8",.0,"8",.0,"8",.0,"8",.0,"8",.0,"8",.0,"8",.0,"8",.0,"8",.0,"8",.0,"8",.0,"8",.0,"8",.0,"8",0,"",0,"8","R",0,"9",0,"9",0,"8"
"353200270","M£AWA","2022","11","08",13.8,"",6.9,"",9.5,"",5.8,"",.0,"9","",0,"9",.0,"9",5.0,"",.0,"8",.0,"8",.0,"8",.0,"8",.0,"8",.0,"8",.0,"8",.0,"8",.0,"8",.0,"8",.0,"8",.0,"8",.0,"8",.0,"8",.0,"8",.0,"8",0,"",0,"8","R",0,"9",0,"9",0,"8"
"353200270","M£AWA","2022","11","09",11.2,"",6.1,"",8.7,"",3.0,"",1.4,"","W",0,"9",.0,"9",.1,"",.0,"8",.0,"8",.0,"8",.0,"8",.0,"8",.0,"8",.0,"8",.0,"8",.0,"8",.0,"8",.0,"8",.0,"8",.0,"8",.0,"8",.0,"8",.0,"8",0,"",0,"8","R",0,"9",0,"9",0,"8"
"353200270","M£AWA","2022","11","10",11.2,"",6.4,"",8.2,"",3.2,"",.0,"","W",0,"9",.0,"9",.0,"9",.0,"8",.0,"8",.0,"8",.0,"8",.0,"8",.0,"8",.0,"8",.0,"8",.0,"8",.0,"8",.0,"8",.0,"8",.0,"8",.0,"8",.0,"8",.0,"8",0,"",0,"8","R",0,"9",0,"9",0,"8"
"353200270","M£AWA","2022","11","11",9.7,"",4.7,"",8.3,"",1.2,"",.0,"9","",0,"9",.0,"9",.0,"9",.0,"8",.0,"8",.0,"8",.0,"8",.0,"8",.0,"8",.0,"8",.0,"8",.0,"8",.0,"8",.0,"8",.0,"8",.0,"8",.0,"8",.0,"8",.0,"8",0,"",0,"8","R",0,"9",0,"9",0,"8"
"353200270","M£AWA","2022","11","12",10.7,"",8.8,"",9.6,"",8.5,"",.8,"","W",0,"9",.0,"9",.0,"9",.0,"8",.0,"8",.0,"8",.0,"8",.0,"8",.0,"8",.0,"8",.0,"8",.0,"8",.0,"8",.0,"8",.0,"8",.0,"8",.0,"8",.0,"8",.0,"8",0,"",0,"8","R",0,"9",0,"9",0,"8"
"353200270","M£AWA","2022","11","13",11.0,"",9.3,"",9.9,"",9.1,"",.1,"","W",0,"9",.0,"9",.0,"9",.0,"8",.0,"8",.0,"8",.0,"8",.0,"8",.0,"8",.0,"8",.0,"8",.0,"8",.0,"8",.0,"8",.0,"8",.0,"8",.0,"8",.0,"8",.0,"8",0,"",0,"8","R",0,"9",0,"9",0,"8"
"353200270","M£AWA","2022","11","14",10.0,"",6.5,"",7.7,"",6.4,"",.0,"","W",0,"9",.0,"9",.0,"9",.0,"8",.0,"8",.0,"8",.0,"8",.0,"8",.0,"8",.0,"8",.0,"8",.0,"8",.0,"8",.0,"8",.0,"8",.0,"8",.0,"8",.0,"8",.0,"8",0,"",0,"8","R",0,"9",0,"9",0,"8"
"353200270","M£AWA","2022","11","15",6.5,"",3.8,"",4.3,"",3.9,"",.1,"","W",0,"9",.0,"9",.0,"9",.0,"8",.0,"8",.0,"8",.0,"8",.0,"8",.0,"8",.0,"8",.0,"8",.0,"8",.0,"8",.0,"8",.0,"8",.0,"8",.0,"8",.0,"8",.0,"8",0,"",0,"8","R",0,"9",0,"9",0,"8"
"353200270","M£AWA","2022","11","16",5.3,"",1.7,"",3.3,"",1.9,"",.0,"","W",0,"9",.0,"9",.0,"9",.0,"8",.0,"8",.0,"8",.0,"8",.0,"8",.0,"8",.0,"8",.0,"8",.0,"8",.0,"8",.0,"8",.0,"8",.0,"8",.0,"8",.0,"8",.0,"8",0,"",0,"8","R",0,"9",0,"9",0,"8"
"353200270","M£AWA","2022","11","17",2.4,"",-2.8,"",-.7,"",-4.4,"",.0,"","W",0,"9",.0,"9",3.3,"",.0,"8",.0,"8",.0,"8",.0,"8",.0,"8",.0,"8",.0,"8",.0,"8",.0,"8",.0,"8",.0,"8",.0,"8",.0,"8",.0,"8",.0,"8",.0,"8",0,"",0,"8","R",0,"9",0,"9",0,"8"
"353200270","M£AWA","2022","11","18",-.7,"",-4.2,"",-2.5,"",-5.8,"",.0,"","W",0,"",.0,"9",.1,"",.0,"8",.0,"8",.0,"8",.0,"8",.0,"8",.0,"8",.0,"8",.0,"8",.0,"8",.0,"8",.0,"8",.0,"8",.0,"8",.0,"8",.0,"8",.0,"8",0,"",0,"8","Z",1,"",0,"9",0,"8"
"353200270","M£AWA","2022","11","19",-2.0,"",-5.7,"",-4.0,"",-6.7,"",.0,"","W",0,"",.0,"9",1.9,"",.0,"8",.0,"8",.0,"8",.0,"8",.0,"8",.0,"8",.0,"8",.0,"8",.0,"8",.0,"8",.0,"8",.0,"8",.0,"8",.0,"8",.0,"8",.0,"8",0,"",0,"8","Z",8,"",0,"9",0,"8"
"353200270","M£AWA","2022","11","20",-.2,"",-4.3,"",-2.3,"",-5.1,"",.1,"","S",1,"",.0,"9",.0,"9",.0,"8",.0,"8",.0,"8",.0,"8",.0,"8",.0,"8",.0,"8",.0,"8",.0,"8",.0,"8",.0,"8",.0,"8",.0,"8",.0,"8",.0,"8",.0,"8",1,"",0,"8","Z",7,"",0,"9",0,"8"
"353200270","M£AWA","2022","11","21",-.4,"",-7.5,"",-3.4,"",-10.2,"",.0,"","W",2,"",.0,"9",.0,"9",.0,"8",.0,"8",.0,"8",.0,"8",.0,"8",.0,"8",.0,"8",.0,"8",.0,"8",.0,"8",.0,"8",.0,"8",.0,"8",.0,"8",.0,"8",.0,"8",1,"",0,"8","Z",10,"",0,"9",0,"8"
"353200270","M£AWA","2022","11","22",.6,"",-.6,"",.1,"",-.9,"",.0,"","W",1,"",.0,"9",.0,"9",.0,"8",.0,"8",.0,"8",.0,"8",.0,"8",.0,"8",.0,"8",.0,"8",.0,"8",.0,"8",.0,"8",.0,"8",.0,"8",.0,"8",.0,"8",.0,"8",1,"",0,"8","Z",6,"",0,"9",0,"8"
"353200270","M£AWA","2022","11","23",.3,"",-2.8,"",-1.9,"",-2.6,"",.0,"9","",0,"9",.0,"9",.0,"9",.0,"8",.0,"8",.0,"8",.0,"8",.0,"8",.0,"8",.0,"8",.0,"8",.0,"8",.0,"8",.0,"8",.0,"8",.0,"8",.0,"8",.0,"8",.0,"8",0,"",0,"8","Z",1,"",0,"9",0,"8"
"353200270","M£AWA","2022","11","24",-1.7,"",-3.2,"",-2.3,"",-3.0,"",.0,"","W",0,"9",.0,"9",.0,"9",.0,"8",.0,"8",.0,"8",.0,"8",.0,"8",.0,"8",.0,"8",.0,"8",.0,"8",.0,"8",.0,"8",.0,"8",.0,"8",.0,"8",.0,"8",.0,"8",0,"",0,"8","Z",1,"",0,"9",0,"8"
"353200270","M£AWA","2022","11","25",-.9,"",-2.0,"",-1.3,"",-1.8,"",.0,"9","",0,"9",.0,"9",.0,"9",.0,"8",.0,"8",.0,"8",.0,"8",.0,"8",.0,"8",.0,"8",.0,"8",.0,"8",.0,"8",.0,"8",.0,"8",.0,"8",.0,"8",.0,"8",.0,"8",0,"",0,"8","Z",1,"",0,"9",0,"8"
"353200270","M£AWA","2022","11","26",-.2,"",-1.0,"",-.6,"",-1.1,"",.0,"","W",0,"9",.0,"9",.0,"9",.0,"8",.0,"8",.0,"8",.0,"8",.0,"8",.0,"8",.0,"8",.0,"8",.0,"8",.0,"8",.0,"8",.0,"8",.0,"8",.0,"8",.0,"8",.0,"8",0,"",0,"8","Z",1,"",0,"9",0,"8"
"353200270","M£AWA","2022","11","27",2.2,"",-.4,"",1.0,"",-.7,"",.4,"","W",0,"9",.0,"9",.0,"9",.0,"8",.0,"8",.0,"8",.0,"8",.0,"8",.0,"8",.0,"8",.0,"8",.0,"8",.0,"8",.0,"8",.0,"8",.0,"8",.0,"8",.0,"8",.0,"8",0,"",0,"8","R",0,"9",0,"9",0,"8"
"353200270","M£AWA","2022","11","28",2.5,"",1.0,"",1.6,"",1.0,"",.0,"9","",0,"9",.0,"9",.0,"9",.0,"8",.0,"8",.0,"8",.0,"8",.0,"8",.0,"8",.0,"8",.0,"8",.0,"8",.0,"8",.0,"8",.0,"8",.0,"8",.0,"8",.0,"8",.0,"8",0,"",0,"8","R",0,"9",0,"9",0,"8"
"353200270","M£AWA","2022","11","29",1.7,"",-.2,"",.1,"",-.2,"",.0,"9","",0,"9",.0,"9",.0,"9",.0,"8",.0,"8",.0,"8",.0,"8",.0,"8",.0,"8",.0,"8",.0,"8",.0,"8",.0,"8",.0,"8",.0,"8",.0,"8",.0,"8",.0,"8",.0,"8",0,"",0,"8","R",0,"9",0,"9",0,"8"
"353200270","M£AWA","2022","11","30",1.5,"",-.2,"",.6,"",-.2,"",.0,"","W",0,"9",.0,"9",.0,"9",.0,"8",.0,"8",.0,"8",.0,"8",.0,"8",.0,"8",.0,"8",.0,"8",.0,"8",.0,"8",.0,"8",.0,"8",.0,"8",.0,"8",.0,"8",.0,"8",0,"",0,"8","R",0,"9",0,"9",0,"8"
"353200270","M£AWA","2022","12","01",1.4,"",-.2,"",.4,"",-.3,"",.0,"","S",0,"9",.0,"9",.0,"9",.0,"8",.0,"8",.0,"8",.0,"8",.0,"8",.0,"8",.0,"8",.0,"8",.0,"8",.0,"8",.0,"8",.0,"8",.0,"8",.0,"8",.0,"8",.0,"8",0,"",0,"8","",0,"9",0,"9",0,"8"
"353200270","M£AWA","2022","12","02",-.2,"",-4.8,"",-3.5,"",-4.6,"",.0,"","S",0,"9",.0,"9",.0,"9",.0,"8",.0,"8",.0,"8",.0,"8",.0,"8",.0,"8",.0,"8",.0,"8",.0,"8",.0,"8",.0,"8",.0,"8",.0,"8",.0,"8",.0,"8",.0,"8",0,"",0,"8","",1,"",0,"9",0,"8"
"353200270","M£AWA","2022","12","03",-1.1,"",-5.0,"",-2.7,"",-4.8,"",2.2,"","S",0,"",.0,"9",.0,"9",.0,"8",.0,"8",.0,"8",.0,"8",.0,"8",.0,"8",.0,"8",.0,"8",.0,"8",.0,"8",.0,"8",.0,"8",.0,"8",.0,"8",.0,"8",.0,"8",0,"",0,"8","R",7,"",0,"9",0,"8"
"353200270","M£AWA","2022","12","04",.4,"",-1.1,"",-.1,"",-1.1,"",.0,"9","",3,"",.0,"9",.0,"9",.0,"8",.0,"8",.0,"8",.0,"8",.0,"8",.0,"8",.0,"8",.0,"8",.0,"8",.0,"8",.0,"8",.0,"8",.0,"8",.0,"8",.0,"8",.0,"8",1,"",0,"8","Z",1,"",0,"9",0,"8"
"353200270","M£AWA","2022","12","05",.0,"",-.9,"",-.6,"",-1.0,"",.0,"","W",2,"",.0,"9",.0,"9",.0,"8",.0,"8",.0,"8",.0,"8",.0,"8",.0,"8",.0,"8",.0,"8",.0,"8",.0,"8",.0,"8",.0,"8",.0,"8",.0,"8",.0,"8",.0,"8",1,"",0,"8","Z",1,"",0,"9",0,"8"
"353200270","M£AWA","2022","12","06",1.6,"",-.6,"",.8,"",-.6,"",5.0,"","S",1,"",.0,"9",.0,"9",.0,"8",.0,"8",.0,"8",.0,"8",.0,"8",.0,"8",.0,"8",.0,"8",.0,"8",.0,"8",.0,"8",.0,"8",.0,"8",.0,"8",.0,"8",.0,"8",1,"",0,"8","R",0,"9",0,"9",0,"8"
"353200270","M£AWA","2022","12","07",1.0,"",.0,"",.5,"",-.1,"",2.6,"","S",4,"",.0,"9",.0,"9",.0,"8",.0,"8",.0,"8",.0,"8",.0,"8",.0,"8",.0,"8",.0,"8",.0,"8",.0,"8",.0,"8",.0,"8",.0,"8",.0,"8",.0,"8",.0,"8",1,"",0,"8","R",0,"9",0,"9",0,"8"
"353200270","M£AWA","2022","12","08",1.4,"",-1.1,"",.3,"",-1.8,"",2.1,"","S",2,"",.0,"9",.3,"",.0,"8",.0,"8",.0,"8",.0,"8",.0,"8",.0,"8",.0,"8",.0,"8",.0,"8",.0,"8",.0,"8",.0,"8",.0,"8",.0,"8",.0,"8",.0,"8",1,"",0,"8","Z",1,"",0,"9",0,"8"
"353200270","M£AWA","2022","12","09",1.5,"",-.2,"",.2,"",-1.1,"",1.2,"","S",5,"",1.0,"",.0,"9",.0,"8",.0,"8",.0,"8",.0,"8",.0,"8",.0,"8",.0,"8",.0,"8",.0,"8",.0,"8",.0,"8",.0,"8",.0,"8",.0,"8",.0,"8",.0,"8",1,"",0,"8","Z",1,"",0,"9",0,"8"
"353200270","M£AWA","2022","12","10",-.1,"",-2.0,"",-.9,"",-2.1,"",.0,"9","",5,"",1.2,"",.0,"9",.0,"8",.0,"8",.0,"8",.0,"8",.0,"8",.0,"8",.0,"8",.0,"8",.0,"8",.0,"8",.0,"8",.0,"8",.0,"8",.0,"8",.0,"8",.0,"8",1,"",0,"8","R",0,"9",0,"9",0,"8"
"353200270","M£AWA","2022","12","11",-2.0,"",-5.0,"",-4.5,"",-4.8,"",1.7,"","S",4,"",.0,"9",.0,"9",.0,"8",.0,"8",.0,"8",.0,"8",.0,"8",.0,"8",.0,"8",.0,"8",.0,"8",.0,"8",.0,"8",.0,"8",.0,"8",.0,"8",.0,"8",.0,"8",1,"",0,"8","Z",1,"",0,"9",0,"8"
"353200270","M£AWA","2022","12","12",.4,"",-4.9,"",-.8,"",-4.8,"",1.7,"","S",8,"",1.3,"",.0,"9",.0,"8",.0,"8",.0,"8",.0,"8",.0,"8",.0,"8",.0,"8",.0,"8",.0,"8",.0,"8",.0,"8",.0,"8",.0,"8",.0,"8",.0,"8",.0,"8",1,"",0,"8","Z",1,"",0,"9",0,"8"
"353200270","M£AWA","2022","12","13",.1,"",-4.0,"",-3.3,"",-5.4,"",.0,"","S",9,"",1.2,"",.2,"",.0,"8",.0,"8",.0,"8",.0,"8",.0,"8",.0,"8",.0,"8",.0,"8",.0,"8",.0,"8",.0,"8",.0,"8",.0,"8",.0,"8",.0,"8",.0,"8",1,"",0,"8","",1,"",0,"9",0,"8"
"353200270","M£AWA","2022","12","14",-3.6,"",-12.6,"",-8.9,"",-16.4,"",.0,"","W",9,"",1.3,"",1.1,"",.0,"8",.0,"8",.0,"8",.0,"8",.0,"8",.0,"8",.0,"8",.0,"8",.0,"8",.0,"8",.0,"8",.0,"8",.0,"8",.0,"8",.0,"8",.0,"8",1,"",0,"8","Z",1,"",0,"9",0,"8"
"353200270","M£AWA","2022","12","15",-4.8,"",-9.8,"",-6.2,"",-11.6,"",.0,"9","",9,"",1.4,"",.0,"9",.0,"8",.0,"8",.0,"8",.0,"8",.0,"8",.0,"8",.0,"8",.0,"8",.0,"8",.0,"8",.0,"8",.0,"8",.0,"8",.0,"8",.0,"8",.0,"8",1,"",0,"8","Z",1,"",0,"9",0,"8"
"353200270","M£AWA","2022","12","16",-4.6,"",-7.5,"",-5.7,"",-11.0,"",.0,"","W",9,"",1.1,"",.0,"9",.0,"8",.0,"8",.0,"8",.0,"8",.0,"8",.0,"8",.0,"8",.0,"8",.0,"8",.0,"8",.0,"8",.0,"8",.0,"8",.0,"8",.0,"8",.0,"8",1,"",0,"8","Z",1,"",0,"9",0,"8"
"353200270","M£AWA","2022","12","17",-5.1,"",-7.4,"",-6.6,"",-7.8,"",.0,"9","",9,"",1.3,"",.0,"9",.0,"8",.0,"8",.0,"8",.0,"8",.0,"8",.0,"8",.0,"8",.0,"8",.0,"8",.0,"8",.0,"8",.0,"8",.0,"8",.0,"8",.0,"8",.0,"8",1,"",0,"8","Z",5,"",0,"9",0,"8"
"353200270","M£AWA","2022","12","18",-4.5,"",-8.5,"",-6.5,"",-9.5,"",.0,"","W",8,"",1.3,"",.0,"9",.0,"8",.0,"8",.0,"8",.0,"8",.0,"8",.0,"8",.0,"8",.0,"8",.0,"8",.0,"8",.0,"8",.0,"8",.0,"8",.0,"8",.0,"8",.0,"8",1,"",0,"8","Z",6,"",0,"9",0,"8"
"353200270","M£AWA","2022","12","19",-4.3,"",-9.4,"",-6.7,"",-10.3,"",3.1,"","W",8,"",1.3,"",5.6,"",.0,"8",.0,"8",.0,"8",.0,"8",.0,"8",.0,"8",.0,"8",.0,"8",.0,"8",.0,"8",.0,"8",.0,"8",.0,"8",.0,"8",.0,"8",.0,"8",1,"",0,"8","Z",6,"",0,"9",0,"8"
"353200270","M£AWA","2022","12","20",2.2,"",-4.4,"",1.0,"",-4.6,"",.1,"","W",6,"",1.8,"",.0,"9",.0,"8",.0,"8",.0,"8",.0,"8",.0,"8",.0,"8",.0,"8",.0,"8",.0,"8",.0,"8",.0,"8",.0,"8",.0,"8",.0,"8",.0,"8",.0,"8",1,"",0,"8","Z",5,"",0,"9",0,"8"
"353200270","M£AWA","2022","12","21",1.8,"",1.1,"",1.4,"",.5,"",.5,"","W",4,"",.0,"9",.0,"9",.0,"8",.0,"8",.0,"8",.0,"8",.0,"8",.0,"8",.0,"8",.0,"8",.0,"8",.0,"8",.0,"8",.0,"8",.0,"8",.0,"8",.0,"8",.0,"8",1,"",0,"8","R",0,"9",0,"9",0,"8"
"353200270","M£AWA","2022","12","22",4.3,"",1.4,"",3.2,"",1.0,"",4.2,"","W",1,"",.0,"9",.0,"9",.0,"8",.0,"8",.0,"8",.0,"8",.0,"8",.0,"8",.0,"8",.0,"8",.0,"8",.0,"8",.0,"8",.0,"8",.0,"8",.0,"8",.0,"8",.0,"8",1,"",0,"8","R",0,"9",0,"9",0,"8"
"353200270","M£AWA","2022","12","23",5.1,"",2.3,"",4.2,"",1.1,"",5.8,"","W",0,"9",.0,"9",.0,"9",.0,"8",.0,"8",.0,"8",.0,"8",.0,"8",.0,"8",.0,"8",.0,"8",.0,"8",.0,"8",.0,"8",.0,"8",.0,"8",.0,"8",.0,"8",.0,"8",0,"",0,"8","R",0,"9",0,"9",0,"8"
"353200270","M£AWA","2022","12","24",3.7,"",-.7,"",1.4,"",-.6,"",.5,"","S",0,"9",.0,"9",2.1,"",.0,"8",.0,"8",.0,"8",.0,"8",.0,"8",.0,"8",.0,"8",.0,"8",.0,"8",.0,"8",.0,"8",.0,"8",.0,"8",.0,"8",.0,"8",.0,"8",0,"",0,"8","R",0,"9",0,"9",0,"8"
"353200270","M£AWA","2022","12","25",2.8,"",-.6,"",1.7,"",-.6,"",6.5,"","W",0,"9",.0,"9",.0,"9",.0,"8",.0,"8",.0,"8",.0,"8",.0,"8",.0,"8",.0,"8",.0,"8",.0,"8",.0,"8",.0,"8",.0,"8",.0,"8",.0,"8",.0,"8",.0,"8",0,"",0,"8","R",0,"9",0,"9",0,"8"
"353200270","M£AWA","2022","12","26",9.0,"",2.6,"",6.1,"",2.5,"",9.9,"","W",0,"9",.0,"9",.0,"9",.0,"8",.0,"8",.0,"8",.0,"8",.0,"8",.0,"8",.0,"8",.0,"8",.0,"8",.0,"8",.0,"8",.0,"8",.0,"8",.0,"8",.0,"8",.0,"8",0,"",0,"8","R",0,"9",0,"9",0,"8"
"353200270","M£AWA","2022","12","27",8.5,"",2.3,"",3.6,"",1.8,"",.0,"","W",0,"9",.0,"9",.1,"",.0,"8",.0,"8",.0,"8",.0,"8",.0,"8",.0,"8",.0,"8",.0,"8",.0,"8",.0,"8",.0,"8",.0,"8",.0,"8",.0,"8",.0,"8",.0,"8",0,"",0,"8","R",0,"9",0,"9",0,"8"
"353200270","M£AWA","2022","12","28",3.6,"",.1,"",2.2,"",-.6,"",2.8,"","W",0,"9",.0,"9",.1,"",.0,"8",.0,"8",.0,"8",.0,"8",.0,"8",.0,"8",.0,"8",.0,"8",.0,"8",.0,"8",.0,"8",.0,"8",.0,"8",.0,"8",.0,"8",.0,"8",0,"",0,"8","R",0,"9",0,"9",0,"8"
"353200270","M£AWA","2022","12","29",7.3,"",3.6,"",5.6,"",2.7,"",.1,"","W",0,"9",.0,"9",.4,"",.0,"8",.0,"8",.0,"8",.0,"8",.0,"8",.0,"8",.0,"8",.0,"8",.0,"8",.0,"8",.0,"8",.0,"8",.0,"8",.0,"8",.0,"8",.0,"8",0,"",0,"8","R",0,"9",0,"9",0,"8"
"353200270","M£AWA","2022","12","30",7.7,"",3.0,"",5.1,"",-.1,"",.0,"","W",0,"9",.0,"9",4.5,"",.0,"8",.0,"8",.0,"8",.0,"8",.0,"8",.0,"8",.0,"8",.0,"8",.0,"8",.0,"8",.0,"8",.0,"8",.0,"8",.0,"8",.0,"8",.0,"8",0,"",0,"8","R",0,"9",0,"9",0,"8"
"353200270","M£AWA","2022","12","31",12.7,"",2.0,"",8.0,"",-.1,"",.4,"","W",0,"9",.0,"9",.2,"",.0,"8",.0,"8",.0,"8",.0,"8",.0,"8",.0,"8",.0,"8",.0,"8",.0,"8",.0,"8",.0,"8",.0,"8",.0,"8",.0,"8",.0,"8",.0,"8",0,"",0,"8","R",0,"9",0,"9",0,"8"
